{"ts":"2026-06-19T22:42:03.629Z","level":"info","message":"Database migrations checked","service":"delivera-express","database":"C:\\Users\\LENOVO\\Desktop\\2026-04-19-kanka-paket-takip-uygulamas-yapacaz-kuriyelere\\delivera.sqlite","applied":0,"skipped":3}
{"ts":"2026-06-19T22:42:03.631Z","level":"info","message":"Platform polling disabled; webhook flow is active.","service":"delivera-express"}
{"ts":"2026-06-19T22:42:03.633Z","level":"info","message":"Polling skipped because global disabled","service":"delivera-express"}
{"ts":"2026-06-19T22:42:22.180Z","level":"info","message":"Database migrations checked","service":"delivera-express","database":"C:\\Users\\LENOVO\\Desktop\\2026-04-19-kanka-paket-takip-uygulamas-yapacaz-kuriyelere\\delivera.sqlite","applied":0,"skipped":3}
{"ts":"2026-06-19T22:42:22.186Z","level":"info","message":"Platform polling disabled; webhook flow is active.","service":"delivera-express"}
{"ts":"2026-06-19T22:42:22.187Z","level":"info","message":"Polling skipped because global disabled","service":"delivera-express"}
{"ts":"2026-06-19T22:42:22.192Z","level":"info","message":"Delivera Express ready","service":"delivera-express","url":"http://localhost:3000","port":3000}
{"ts":"2026-06-19T23:07:07.457Z","level":"info","message":"Database migrations checked","service":"delivera-express","database":"C:\\Users\\LENOVO\\Desktop\\2026-04-19-kanka-paket-takip-uygulamas-yapacaz-kuriyelere\\delivera.sqlite","applied":0,"skipped":3}
{"ts":"2026-06-19T23:07:07.463Z","level":"info","message":"Platform polling disabled; webhook flow is active.","service":"delivera-express"}
{"ts":"2026-06-19T23:07:07.464Z","level":"info","message":"Polling skipped because global disabled","service":"delivera-express"}
{"ts":"2026-06-19T23:07:07.475Z","level":"info","message":"Delivera Express ready","service":"delivera-express","url":"http://localhost:3000","port":3000}
{"ts":"2026-06-20T06:20:09.706Z","level":"info","message":"Database migrations checked","service":"delivera-express","database":"C:\\Users\\LENOVO\\Desktop\\2026-04-19-kanka-paket-takip-uygulamas-yapacaz-kuriyelere\\delivera.sqlite","applied":0,"skipped":3}
{"ts":"2026-06-20T06:20:09.710Z","level":"info","message":"Platform polling disabled; webhook flow is active.","service":"delivera-express"}
{"ts":"2026-06-20T06:20:09.711Z","level":"info","message":"Polling skipped because global disabled","service":"delivera-express"}
{"ts":"2026-06-20T06:20:09.717Z","level":"info","message":"Delivera Express ready","service":"delivera-express","url":"http://localhost:3000","port":3000}
{"ts":"2026-06-20T06:22:56.646Z","level":"info","message":"Database migrations checked","service":"delivera-express","database":"C:\\Users\\LENOVO\\Desktop\\2026-04-19-kanka-paket-takip-uygulamas-yapacaz-kuriyelere\\delivera.sqlite","applied":0,"skipped":3}
{"ts":"2026-06-20T06:22:56.649Z","level":"info","message":"Platform polling disabled; webhook flow is active.","service":"delivera-express"}
{"ts":"2026-06-20T06:22:56.650Z","level":"info","message":"Polling skipped because global disabled","service":"delivera-express"}
{"ts":"2026-06-20T06:22:56.655Z","level":"info","message":"Delivera Express ready","service":"delivera-express","url":"http://localhost:3000","port":3000}
{"ts":"2026-06-20T06:23:28.529Z","level":"info","message":"Database migrations checked","service":"delivera-express","database":"C:\\Users\\LENOVO\\AppData\\Local\\Temp\\delivera-smoke-H8LDUB\\delivera.sqlite","applied":0,"skipped":3}
{"ts":"2026-06-20T06:23:28.576Z","level":"info","message":"Platform polling disabled; webhook flow is active.","service":"delivera-express"}
{"ts":"2026-06-20T06:23:28.577Z","level":"info","message":"Polling skipped because global disabled","service":"delivera-express"}
{"ts":"2026-06-20T06:23:28.581Z","level":"info","message":"Delivera Express ready","service":"delivera-express","url":"http://localhost:3210","port":3210}
{"ts":"2026-06-20T06:23:28.768Z","level":"warn","message":"Request completed with client error","service":"delivera-express","endpoint":"/api/admin/login","method":"POST","requestId":"req_2m7n385f","statusCode":401,"elapsedMs":1}
{"ts":"2026-06-20T06:23:28.771Z","level":"warn","message":"Request completed with client error","service":"delivera-express","endpoint":"/api/admin/login","method":"POST","requestId":"req_ly069jp3","statusCode":401,"elapsedMs":2}
{"ts":"2026-06-20T06:23:28.774Z","level":"warn","message":"Request completed with client error","service":"delivera-express","endpoint":"/api/admin/login","method":"POST","requestId":"req_fc8wevis","statusCode":401,"elapsedMs":1}
{"ts":"2026-06-20T06:23:28.777Z","level":"warn","message":"Request completed with client error","service":"delivera-express","endpoint":"/api/admin/login","method":"POST","requestId":"req_fqicenx0","statusCode":401,"elapsedMs":1}
{"ts":"2026-06-20T06:23:28.780Z","level":"warn","message":"Request completed with client error","service":"delivera-express","endpoint":"/api/admin/login","method":"POST","requestId":"req_fur5krw1","statusCode":401,"elapsedMs":1}
{"ts":"2026-06-20T06:23:28.782Z","level":"warn","message":"Rate limit exceeded","service":"delivera-express","scope":"adminLogin","ip":"10.200.10.10","retryAfter":60,"requestId":"req_d11woiu2","store":"memory"}
{"ts":"2026-06-20T06:23:28.784Z","level":"warn","message":"Request completed with client error","service":"delivera-express","endpoint":"/api/admin/login","method":"POST","requestId":"req_d11woiu2","statusCode":429,"elapsedMs":2}
{"ts":"2026-06-20T06:23:28.901Z","level":"info","message":"Platform account saved","service":"delivera-express","restaurantId":"rst_5repclku","platform":"Yemeksepeti","externalStoreId":"vendor-1781936608879","active":true,"webhookEnabled":true,"pollingEnabled":true,"secretConfigured":true,"mode":"webhook"}
{"ts":"2026-06-20T06:23:28.901Z","level":"info","message":"Platform account saved","service":"delivera-express","restaurantId":"rst_5repclku","platform":"Yemeksepeti","externalStoreId":"vendor-1781936608879","webhookEnabled":true,"pollingEnabled":true,"active":true}
{"ts":"2026-06-20T06:23:29.140Z","level":"info","message":"Assignment success","service":"delivera-express","packageId":"pkg_ksjx1k2m","courierId":"cr_g14xu5dz","courierStatus":"online","distanceKm":0.007}
{"ts":"2026-06-20T06:23:29.157Z","level":"info","message":"Assignment success","service":"delivera-express","packageId":"pkg_zcke48j9","courierId":"cr_0y75o8xt","courierStatus":"online","distanceKm":0.021}
{"ts":"2026-06-20T06:23:29.191Z","level":"info","message":"Webhook received","service":"delivera-express","platform":"yemeksepeti","platformRestaurantId":"vendor-1781936608879","orderId":"YS-WRONG-1781936609191","requestId":"req_8eu9k9bp"}
{"ts":"2026-06-20T06:23:29.197Z","level":"warn","message":"Request completed with client error","service":"delivera-express","endpoint":"/api/platform/order","method":"POST","requestId":"req_8eu9k9bp","statusCode":401,"elapsedMs":5}
{"ts":"2026-06-20T06:23:29.198Z","level":"info","message":"Webhook received","service":"delivera-express","platform":"yemeksepeti","platformRestaurantId":"vendor-1781936608879","orderId":"YS-1781936609198","requestId":"req_4bip9xv9"}
{"ts":"2026-06-20T06:23:29.199Z","level":"info","message":"Platform matched","service":"delivera-express","platform":"Yemeksepeti","restaurantId":"rst_5repclku","platformRestaurantId":"vendor-1781936608879"}
{"ts":"2026-06-20T06:23:29.203Z","level":"info","message":"Package created from platform order","service":"delivera-express","platform":"Yemeksepeti","restaurantId":"rst_5repclku","orderId":"YS-1781936609198","packageId":"pkg_cbtqezu2","trackingNo":"PKT-542499","source":"platform_webhook"}
{"ts":"2026-06-20T06:23:29.209Z","level":"info","message":"Webhook accepted successfully","service":"delivera-express","platform":"Yemeksepeti","restaurantId":"rst_5repclku","orderId":"YS-1781936609198","trackingNo":"PKT-542499","signatureMode":"token_fallback","requestId":"req_4bip9xv9"}
{"ts":"2026-06-20T06:23:29.212Z","level":"info","message":"Webhook received","service":"delivera-express","platform":"yemeksepeti","platformRestaurantId":"vendor-1781936608879","orderId":"YS-1781936609198","requestId":"req_y80rf2dv"}
{"ts":"2026-06-20T06:23:29.213Z","level":"info","message":"Platform matched","service":"delivera-express","platform":"Yemeksepeti","restaurantId":"rst_5repclku","platformRestaurantId":"vendor-1781936608879"}
{"ts":"2026-06-20T06:23:29.215Z","level":"info","message":"Duplicate order skipped","service":"delivera-express","platform":"Yemeksepeti","restaurantId":"rst_5repclku","externalOrderNo":"YS-1781936609198","packageId":"pkg_cbtqezu2"}
{"ts":"2026-06-20T06:23:29.217Z","level":"info","message":"Package created from platform order","service":"delivera-express","platform":"Yemeksepeti","restaurantId":"rst_5repclku","orderId":"YS-1781936609198","packageId":"pkg_cbtqezu2","trackingNo":"PKT-542499","source":"platform_webhook"}
{"ts":"2026-06-20T06:23:29.222Z","level":"info","message":"Webhook accepted successfully","service":"delivera-express","platform":"Yemeksepeti","restaurantId":"rst_5repclku","orderId":"YS-1781936609198","trackingNo":"PKT-542499","signatureMode":"token_fallback","requestId":"req_y80rf2dv"}
{"ts":"2026-06-20T06:23:29.225Z","level":"info","message":"Webhook received","service":"delivera-express","platform":"yemeksepeti","platformRestaurantId":"vendor-1781936608879","orderId":"YS-REJECT-1781936609225","requestId":"req_ogovggvp"}
{"ts":"2026-06-20T06:23:29.226Z","level":"info","message":"Platform matched","service":"delivera-express","platform":"Yemeksepeti","restaurantId":"rst_5repclku","platformRestaurantId":"vendor-1781936608879"}
{"ts":"2026-06-20T06:23:29.229Z","level":"info","message":"Package created from platform order","service":"delivera-express","platform":"Yemeksepeti","restaurantId":"rst_5repclku","orderId":"YS-REJECT-1781936609225","packageId":"pkg_tt0qdi65","trackingNo":"PKT-827210","source":"platform_webhook"}
{"ts":"2026-06-20T06:23:29.235Z","level":"info","message":"Webhook accepted successfully","service":"delivera-express","platform":"Yemeksepeti","restaurantId":"rst_5repclku","orderId":"YS-REJECT-1781936609225","trackingNo":"PKT-827210","signatureMode":"token_fallback","requestId":"req_ogovggvp"}
{"ts":"2026-06-20T06:23:29.337Z","level":"info","message":"Assignment success","service":"delivera-express","packageId":"pkg_gqyv3fgn","courierId":"cr_g14xu5dz","courierStatus":"online","distanceKm":0.007}
{"ts":"2026-06-20T06:23:31.843Z","level":"info","message":"Assignment retry triggered","service":"delivera-express","packageId":"pkg_gqyv3fgn","assignedCourierId":"cr_g14xu5dz","triedCourierIds":["cr_g14xu5dz"]}
{"ts":"2026-06-20T06:23:31.850Z","level":"info","message":"Assignment success","service":"delivera-express","packageId":"pkg_gqyv3fgn","courierId":"cr_0y75o8xt","courierStatus":"online","distanceKm":0.021}
{"ts":"2026-06-20T06:23:31.852Z","level":"info","message":"Retry assignment selected a new courier","service":"delivera-express","packageId":"pkg_gqyv3fgn","courierId":"cr_0y75o8xt"}
{"ts":"2026-06-20T06:23:34.353Z","level":"info","message":"Assignment retry triggered","service":"delivera-express","packageId":"pkg_gqyv3fgn","assignedCourierId":"cr_0y75o8xt","triedCourierIds":["cr_g14xu5dz","cr_0y75o8xt"]}
{"ts":"2026-06-20T06:23:34.359Z","level":"warn","message":"Retry assignment found no suitable courier","service":"delivera-express","packageId":"pkg_gqyv3fgn"}
{"ts":"2026-06-20T06:23:34.661Z","level":"info","message":"Assignment success","service":"delivera-express","packageId":"pkg_gqyv3fgn","courierId":"cr_g14xu5dz","courierStatus":"online","distanceKm":0.007}
{"ts":"2026-06-20T06:23:38.004Z","level":"info","message":"Assignment success","service":"delivera-express","packageId":"pkg_out4bn58","courierId":"cr_g14xu5dz","courierStatus":"online","distanceKm":0.007}
{"ts":"2026-06-20T06:23:38.004Z","level":"info","message":"Platform status callback requested","service":"delivera-express","platform":"Hizli Yapistir","status":"assigned","orderId":"MANUAL-1781936617997","courierId":"cr_g14xu5dz"}
{"ts":"2026-06-20T06:23:38.017Z","level":"warn","message":"Platform status callback completed","service":"delivera-express","packageId":"pkg_out4bn58","platform":"Hizli Yapistir","status":"assigned","ok":false,"mode":"not_configured","callbackStatus":"not_configured","error":"Platform callback URL not configured"}
{"ts":"2026-06-20T06:23:38.020Z","level":"warn","message":"Platform callback retry inline fallback","service":"delivera-express","packageId":"pkg_out4bn58","platform":"Hizli Yapistir","status":"assigned","reason":"redis_not_configured"}
{"ts":"2026-06-20T06:23:38.028Z","level":"info","message":"Assignment success","service":"delivera-express","packageId":"pkg_6dqgayse","courierId":"cr_0y75o8xt","courierStatus":"online","distanceKm":0.021}
{"ts":"2026-06-20T06:23:38.029Z","level":"info","message":"Platform status callback requested","service":"delivera-express","platform":"Yemeksepeti","status":"assigned","orderId":"ext-auto-1781936618017","courierId":"cr_0y75o8xt"}
{"ts":"2026-06-20T06:23:38.040Z","level":"warn","message":"Platform status callback completed","service":"delivera-express","packageId":"pkg_6dqgayse","platform":"Yemeksepeti","status":"assigned","ok":false,"mode":"not_configured","callbackStatus":"not_configured","error":"Platform callback URL not configured"}
{"ts":"2026-06-20T06:23:38.044Z","level":"warn","message":"Platform callback retry inline fallback","service":"delivera-express","packageId":"pkg_6dqgayse","platform":"Yemeksepeti","status":"assigned","reason":"redis_not_configured"}
{"ts":"2026-06-20T06:23:38.152Z","level":"info","message":"Platform status callback requested","service":"delivera-express","platform":"Yemeksepeti","status":"rejected","orderId":"YS-REJECT-1781936609225","reason":"Test red"}
{"ts":"2026-06-20T06:23:38.160Z","level":"warn","message":"Platform status callback completed","service":"delivera-express","packageId":"pkg_tt0qdi65","platform":"Yemeksepeti","status":"rejected","ok":false,"mode":"not_configured","callbackStatus":"not_configured","error":"Platform callback URL not configured"}
{"ts":"2026-06-20T06:23:38.164Z","level":"warn","message":"Platform callback retry inline fallback","service":"delivera-express","packageId":"pkg_tt0qdi65","platform":"Yemeksepeti","status":"rejected","reason":"redis_not_configured"}
{"ts":"2026-06-20T06:23:38.168Z","level":"info","message":"Platform status callback requested","service":"delivera-express","platform":"Yemeksepeti","status":"accepted","orderId":"YS-1781936609198","restaurantId":"rst_5repclku"}
{"ts":"2026-06-20T06:23:38.171Z","level":"info","message":"Platform status callback requested","service":"delivera-express","platform":"Yemeksepeti","status":"preparing","orderId":"YS-1781936609198"}
{"ts":"2026-06-20T06:23:38.173Z","level":"info","message":"Assignment triggered after restaurant approval","service":"delivera-express","packageId":"pkg_cbtqezu2","sourcePlatform":"Yemeksepeti","restaurantId":"rst_5repclku"}
{"ts":"2026-06-20T06:23:38.174Z","level":"info","message":"Assignment state before approval assignment","service":"delivera-express","packageId":"pkg_cbtqezu2","previousStatus":"pending_approval","nextStatus":"preparing","restaurantId":"rst_5repclku","zone":"Erdemli"}
{"ts":"2026-06-20T06:23:38.177Z","level":"info","message":"Platform status callback requested","service":"delivera-express","platform":"Yemeksepeti","status":"assigned","orderId":"YS-1781936609198","courierId":"cr_f8pexuxy"}
{"ts":"2026-06-20T06:23:38.179Z","level":"info","message":"Assignment result after approval","service":"delivera-express","packageId":"pkg_cbtqezu2","status":"assigned","assignmentStatus":"assigned","assignedCourierId":"cr_f8pexuxy","lastAssignmentError":""}
{"ts":"2026-06-20T06:23:38.180Z","level":"info","message":"Assignment success after approval","service":"delivera-express","packageId":"pkg_cbtqezu2","courierId":"cr_f8pexuxy","status":"assigned"}
{"ts":"2026-06-20T06:23:38.189Z","level":"warn","message":"Platform status callback completed","service":"delivera-express","packageId":"pkg_cbtqezu2","platform":"Yemeksepeti","status":"accepted","ok":false,"mode":"not_configured","callbackStatus":"not_configured","error":"Platform callback URL not configured"}
{"ts":"2026-06-20T06:23:38.197Z","level":"warn","message":"Platform status callback completed","service":"delivera-express","packageId":"pkg_cbtqezu2","platform":"Yemeksepeti","status":"preparing","ok":false,"mode":"not_configured","callbackStatus":"not_configured","error":"Platform callback URL not configured"}
{"ts":"2026-06-20T06:23:38.203Z","level":"warn","message":"Platform status callback completed","service":"delivera-express","packageId":"pkg_cbtqezu2","platform":"Yemeksepeti","status":"assigned","ok":false,"mode":"not_configured","callbackStatus":"not_configured","error":"Platform callback URL not configured"}
{"ts":"2026-06-20T06:23:38.207Z","level":"warn","message":"Platform callback retry inline fallback","service":"delivera-express","packageId":"pkg_cbtqezu2","platform":"Yemeksepeti","status":"accepted","reason":"redis_not_configured"}
{"ts":"2026-06-20T06:23:38.207Z","level":"warn","message":"Platform callback retry inline fallback","service":"delivera-express","packageId":"pkg_cbtqezu2","platform":"Yemeksepeti","status":"preparing","reason":"redis_not_configured"}
{"ts":"2026-06-20T06:23:38.208Z","level":"warn","message":"Platform callback retry inline fallback","service":"delivera-express","packageId":"pkg_cbtqezu2","platform":"Yemeksepeti","status":"assigned","reason":"redis_not_configured"}
{"ts":"2026-06-20T06:23:39.559Z","level":"info","message":"Platform status callback requested","service":"delivera-express","platform":"Yemeksepeti","status":"delivered","orderId":"YS-1781936609198"}
{"ts":"2026-06-20T06:23:39.570Z","level":"warn","message":"Platform status callback completed","service":"delivera-express","packageId":"pkg_cbtqezu2","platform":"Yemeksepeti","status":"delivered","ok":false,"mode":"not_configured","callbackStatus":"not_configured","error":"Platform callback URL not configured"}
{"ts":"2026-06-20T06:23:39.575Z","level":"warn","message":"Platform callback retry inline fallback","service":"delivera-express","packageId":"pkg_cbtqezu2","platform":"Yemeksepeti","status":"delivered","reason":"redis_not_configured"}
{"ts":"2026-06-20T06:23:40.508Z","level":"info","message":"Assignment retry triggered","service":"delivera-express","packageId":"pkg_out4bn58","assignedCourierId":"cr_g14xu5dz","triedCourierIds":["cr_g14xu5dz"]}
{"ts":"2026-06-20T06:23:40.517Z","level":"info","message":"Assignment success","service":"delivera-express","packageId":"pkg_out4bn58","courierId":"cr_f8pexuxy","courierStatus":"online","distanceKm":0.05}
{"ts":"2026-06-20T06:23:40.518Z","level":"info","message":"Platform status callback requested","service":"delivera-express","platform":"Hizli Yapistir","status":"assigned","orderId":"MANUAL-1781936617997","courierId":"cr_f8pexuxy"}
{"ts":"2026-06-20T06:23:40.519Z","level":"info","message":"Retry assignment selected a new courier","service":"delivera-express","packageId":"pkg_out4bn58","courierId":"cr_f8pexuxy"}
{"ts":"2026-06-20T06:23:40.525Z","level":"warn","message":"Platform status callback completed","service":"delivera-express","packageId":"pkg_out4bn58","platform":"Hizli Yapistir","status":"assigned","ok":false,"mode":"not_configured","callbackStatus":"not_configured","error":"Platform callback URL not configured"}
{"ts":"2026-06-20T06:23:40.528Z","level":"warn","message":"Platform callback retry inline fallback","service":"delivera-express","packageId":"pkg_out4bn58","platform":"Hizli Yapistir","status":"assigned","reason":"redis_not_configured"}
{"ts":"2026-06-20T06:23:40.530Z","level":"info","message":"Assignment retry triggered","service":"delivera-express","packageId":"pkg_6dqgayse","assignedCourierId":"cr_0y75o8xt","triedCourierIds":["cr_0y75o8xt"]}
{"ts":"2026-06-20T06:23:40.537Z","level":"info","message":"Assignment success","service":"delivera-express","packageId":"pkg_6dqgayse","courierId":"cr_g14xu5dz","courierStatus":"online","distanceKm":0.007}
{"ts":"2026-06-20T06:23:40.538Z","level":"info","message":"Platform status callback requested","service":"delivera-express","platform":"Yemeksepeti","status":"assigned","orderId":"ext-auto-1781936618017","courierId":"cr_g14xu5dz"}
{"ts":"2026-06-20T06:23:40.540Z","level":"info","message":"Retry assignment selected a new courier","service":"delivera-express","packageId":"pkg_6dqgayse","courierId":"cr_g14xu5dz"}
{"ts":"2026-06-20T06:23:40.550Z","level":"warn","message":"Platform status callback completed","service":"delivera-express","packageId":"pkg_6dqgayse","platform":"Yemeksepeti","status":"assigned","ok":false,"mode":"not_configured","callbackStatus":"not_configured","error":"Platform callback URL not configured"}
{"ts":"2026-06-20T06:23:40.554Z","level":"warn","message":"Platform callback retry inline fallback","service":"delivera-express","packageId":"pkg_6dqgayse","platform":"Yemeksepeti","status":"assigned","reason":"redis_not_configured"}
{"ts":"2026-06-20T06:23:40.799Z","level":"info","message":"Assignment success","service":"delivera-express","packageId":"pkg_h0v2i1w3","courierId":"cr_0y75o8xt","courierStatus":"online","distanceKm":0.021}
{"ts":"2026-06-20T06:23:40.826Z","level":"info","message":"Assignment triggered after restaurant approval","service":"delivera-express","packageId":"pkg_h0v2i1w3","sourcePlatform":"Dis Manuel Paket","restaurantId":"rst_5repclku"}
{"ts":"2026-06-20T06:23:40.827Z","level":"info","message":"Assignment state before approval assignment","service":"delivera-express","packageId":"pkg_h0v2i1w3","previousStatus":"assigned","nextStatus":"preparing","restaurantId":"rst_5repclku","zone":"Erdemli"}
{"ts":"2026-06-20T06:23:40.829Z","level":"info","message":"Assignment result after approval","service":"delivera-express","packageId":"pkg_h0v2i1w3","status":"assigned","assignmentStatus":"assigned","assignedCourierId":"cr_2iz87j2v","lastAssignmentError":""}
{"ts":"2026-06-20T06:23:40.829Z","level":"info","message":"Assignment success after approval","service":"delivera-express","packageId":"pkg_h0v2i1w3","courierId":"cr_2iz87j2v","status":"assigned"}
{"ts":"2026-06-20T06:23:40.982Z","level":"info","message":"Assignment success","service":"delivera-express","packageId":"pkg_h0v2i1w3","courierId":"cr_0y75o8xt","courierStatus":"online","distanceKm":0.021}
{"ts":"2026-06-20T06:23:41.067Z","level":"info","message":"Assignment success","service":"delivera-express","packageId":"pkg_h0v2i1w3","courierId":"cr_42nsytzm","courierStatus":"online","distanceKm":0.036}
{"ts":"2026-06-20T06:30:05.547Z","level":"info","message":"Database migrations checked","service":"delivera-express","database":"C:\\Users\\LENOVO\\Desktop\\2026-04-19-kanka-paket-takip-uygulamas-yapacaz-kuriyelere\\delivera.sqlite","applied":0,"skipped":3}
{"ts":"2026-06-20T06:30:05.549Z","level":"info","message":"Platform polling disabled; webhook flow is active.","service":"delivera-express"}
{"ts":"2026-06-20T06:30:05.550Z","level":"info","message":"Polling skipped because global disabled","service":"delivera-express"}
{"ts":"2026-06-20T06:30:05.555Z","level":"info","message":"Delivera Express ready","service":"delivera-express","url":"http://localhost:3000","port":3000}
{"ts":"2026-06-20T06:35:45.327Z","level":"info","message":"Database migrations checked","service":"delivera-express","database":"C:\\Users\\LENOVO\\Desktop\\2026-04-19-kanka-paket-takip-uygulamas-yapacaz-kuriyelere\\delivera.sqlite","applied":0,"skipped":3}
{"ts":"2026-06-20T06:35:45.329Z","level":"info","message":"Platform polling disabled; webhook flow is active.","service":"delivera-express"}
{"ts":"2026-06-20T06:35:45.330Z","level":"info","message":"Polling skipped because global disabled","service":"delivera-express"}
{"ts":"2026-06-20T06:35:45.335Z","level":"info","message":"Delivera Express ready","service":"delivera-express","url":"http://localhost:3000","port":3000}
{"ts":"2026-06-20T06:35:49.998Z","level":"error","message":"Unhandled request error","service":"delivera-express","endpoint":"/api/admin/couriers/cr_67vmvdln","method":"DELETE","requestId":"req_h6jsmg6w","statusCode":500,"error":{"name":"Error","message":"FOREIGN KEY constraint failed","stack":"Error: FOREIGN KEY constraint failed\n    at handleApi (C:\\Users\\LENOVO\\Desktop\\2026-04-19-kanka-paket-takip-uygulamas-yapacaz-kuriyelere\\server.js:8937:53)\n    at process.processTicksAndRejections (node:internal/process/task_queues:103:5)\n    at async Server.<anonymous> (C:\\Users\\LENOVO\\Desktop\\2026-04-19-kanka-paket-takip-uygulamas-yapacaz-kuriyelere\\server.js:9284:7)"}}
{"ts":"2026-06-20T06:35:50.000Z","level":"error","message":"Request failed","service":"delivera-express","requestId":"req_h6jsmg6w","method":"DELETE","path":"/api/admin/couriers/cr_67vmvdln","statusCode":500,"elapsedMs":5,"ip":"::1","createdAt":"2026-06-20T06:35:50.000Z","endpoint":"/api/admin/couriers/cr_67vmvdln"}
{"ts":"2026-06-20T06:35:54.383Z","level":"error","message":"Unhandled request error","service":"delivera-express","endpoint":"/api/admin/couriers/cr_67vmvdln","method":"DELETE","requestId":"req_zny5clfe","statusCode":500,"error":{"name":"Error","message":"FOREIGN KEY constraint failed","stack":"Error: FOREIGN KEY constraint failed\n    at handleApi (C:\\Users\\LENOVO\\Desktop\\2026-04-19-kanka-paket-takip-uygulamas-yapacaz-kuriyelere\\server.js:8937:53)\n    at process.processTicksAndRejections (node:internal/process/task_queues:103:5)\n    at async Server.<anonymous> (C:\\Users\\LENOVO\\Desktop\\2026-04-19-kanka-paket-takip-uygulamas-yapacaz-kuriyelere\\server.js:9284:7)"}}
{"ts":"2026-06-20T06:35:54.385Z","level":"error","message":"Request failed","service":"delivera-express","requestId":"req_zny5clfe","method":"DELETE","path":"/api/admin/couriers/cr_67vmvdln","statusCode":500,"elapsedMs":3,"ip":"::1","createdAt":"2026-06-20T06:35:54.385Z","endpoint":"/api/admin/couriers/cr_67vmvdln"}
{"ts":"2026-06-20T06:36:40.980Z","level":"error","message":"Unhandled request error","service":"delivera-express","endpoint":"/api/admin/couriers/cr_lywv2vgj","method":"DELETE","requestId":"req_xi66bpy6","statusCode":500,"error":{"name":"Error","message":"FOREIGN KEY constraint failed","stack":"Error: FOREIGN KEY constraint failed\n    at handleApi (C:\\Users\\LENOVO\\Desktop\\2026-04-19-kanka-paket-takip-uygulamas-yapacaz-kuriyelere\\server.js:8937:53)\n    at process.processTicksAndRejections (node:internal/process/task_queues:103:5)\n    at async Server.<anonymous> (C:\\Users\\LENOVO\\Desktop\\2026-04-19-kanka-paket-takip-uygulamas-yapacaz-kuriyelere\\server.js:9284:7)"}}
{"ts":"2026-06-20T06:36:40.982Z","level":"error","message":"Request failed","service":"delivera-express","requestId":"req_xi66bpy6","method":"DELETE","path":"/api/admin/couriers/cr_lywv2vgj","statusCode":500,"elapsedMs":3,"ip":"::1","createdAt":"2026-06-20T06:36:40.982Z","endpoint":"/api/admin/couriers/cr_lywv2vgj"}
{"ts":"2026-06-20T06:38:40.337Z","level":"info","message":"Database migrations checked","service":"delivera-express","database":"C:\\Users\\LENOVO\\Desktop\\2026-04-19-kanka-paket-takip-uygulamas-yapacaz-kuriyelere\\delivera.sqlite","applied":0,"skipped":3}
{"ts":"2026-06-20T06:38:40.340Z","level":"info","message":"Platform polling disabled; webhook flow is active.","service":"delivera-express"}
{"ts":"2026-06-20T06:38:40.340Z","level":"info","message":"Polling skipped because global disabled","service":"delivera-express"}
{"ts":"2026-06-20T06:38:40.345Z","level":"info","message":"Delivera Express ready","service":"delivera-express","url":"http://localhost:3000","port":3000}
{"ts":"2026-06-20T06:38:50.191Z","level":"warn","message":"Request completed with client error","service":"delivera-express","endpoint":"/api/courier/me","method":"GET","requestId":"req_ybeevpb1","statusCode":401,"elapsedMs":1}
{"ts":"2026-06-20T06:38:50.198Z","level":"warn","message":"Request rejected","service":"delivera-express","endpoint":"/api/courier/refresh","method":"POST","requestId":"req_wie8iv16","statusCode":401,"error":{"name":"Error","message":"Kayit bulunamadi, lutfen tekrar giris yapin.","stack":"Error: Kayit bulunamadi, lutfen tekrar giris yapin.\n    at httpError (C:\\Users\\LENOVO\\Desktop\\2026-04-19-kanka-paket-takip-uygulamas-yapacaz-kuriyelere\\server.js:1234:17)\n    at refreshSessionPair (C:\\Users\\LENOVO\\Desktop\\2026-04-19-kanka-paket-takip-uygulamas-yapacaz-kuriyelere\\server.js:2211:11)\n    at handleApi (C:\\Users\\LENOVO\\Desktop\\2026-04-19-kanka-paket-takip-uygulamas-yapacaz-kuriyelere\\server.js:6534:18)\n    at process.processTicksAndRejections (node:internal/process/task_queues:103:5)\n    at async Server.<anonymous> (C:\\Users\\LENOVO\\Desktop\\2026-04-19-kanka-paket-takip-uygulamas-yapacaz-kuriyelere\\server.js:9287:7)"}}
{"ts":"2026-06-20T06:38:50.200Z","level":"warn","message":"Request completed with client error","service":"delivera-express","endpoint":"/api/courier/refresh","method":"POST","requestId":"req_wie8iv16","statusCode":401,"elapsedMs":6}
{"ts":"2026-06-20T06:39:02.188Z","level":"warn","message":"Request completed with client error","service":"delivera-express","endpoint":"/api/courier/me","method":"GET","requestId":"req_g5wyawnc","statusCode":401,"elapsedMs":2}
{"ts":"2026-06-20T06:39:02.197Z","level":"warn","message":"Request rejected","service":"delivera-express","endpoint":"/api/courier/refresh","method":"POST","requestId":"req_mrx8caoz","statusCode":401,"error":{"name":"Error","message":"Refresh token gecersiz.","stack":"Error: Refresh token gecersiz.\n    at httpError (C:\\Users\\LENOVO\\Desktop\\2026-04-19-kanka-paket-takip-uygulamas-yapacaz-kuriyelere\\server.js:1234:17)\n    at refreshSessionPair (C:\\Users\\LENOVO\\Desktop\\2026-04-19-kanka-paket-takip-uygulamas-yapacaz-kuriyelere\\server.js:2195:11)\n    at handleApi (C:\\Users\\LENOVO\\Desktop\\2026-04-19-kanka-paket-takip-uygulamas-yapacaz-kuriyelere\\server.js:6534:18)\n    at process.processTicksAndRejections (node:internal/process/task_queues:103:5)\n    at async Server.<anonymous> (C:\\Users\\LENOVO\\Desktop\\2026-04-19-kanka-paket-takip-uygulamas-yapacaz-kuriyelere\\server.js:9287:7)"}}
{"ts":"2026-06-20T06:39:02.199Z","level":"warn","message":"Request completed with client error","service":"delivera-express","endpoint":"/api/courier/refresh","method":"POST","requestId":"req_mrx8caoz","statusCode":401,"elapsedMs":4}
{"ts":"2026-06-20T06:39:14.199Z","level":"warn","message":"Request completed with client error","service":"delivera-express","endpoint":"/api/courier/me","method":"GET","requestId":"req_3cu6vbt6","statusCode":401,"elapsedMs":1}
{"ts":"2026-06-20T06:39:14.202Z","level":"warn","message":"Request rejected","service":"delivera-express","endpoint":"/api/courier/refresh","method":"POST","requestId":"req_pedjm58c","statusCode":401,"error":{"name":"Error","message":"Refresh token gecersiz.","stack":"Error: Refresh token gecersiz.\n    at httpError (C:\\Users\\LENOVO\\Desktop\\2026-04-19-kanka-paket-takip-uygulamas-yapacaz-kuriyelere\\server.js:1234:17)\n    at refreshSessionPair (C:\\Users\\LENOVO\\Desktop\\2026-04-19-kanka-paket-takip-uygulamas-yapacaz-kuriyelere\\server.js:2195:11)\n    at handleApi (C:\\Users\\LENOVO\\Desktop\\2026-04-19-kanka-paket-takip-uygulamas-yapacaz-kuriyelere\\server.js:6534:18)\n    at process.processTicksAndRejections (node:internal/process/task_queues:103:5)\n    at async Server.<anonymous> (C:\\Users\\LENOVO\\Desktop\\2026-04-19-kanka-paket-takip-uygulamas-yapacaz-kuriyelere\\server.js:9287:7)"}}
{"ts":"2026-06-20T06:39:14.203Z","level":"warn","message":"Request completed with client error","service":"delivera-express","endpoint":"/api/courier/refresh","method":"POST","requestId":"req_pedjm58c","statusCode":401,"elapsedMs":2}
{"ts":"2026-06-20T06:39:26.187Z","level":"warn","message":"Request completed with client error","service":"delivera-express","endpoint":"/api/courier/me","method":"GET","requestId":"req_hw35h1r8","statusCode":401,"elapsedMs":0}
{"ts":"2026-06-20T06:39:26.191Z","level":"warn","message":"Request rejected","service":"delivera-express","endpoint":"/api/courier/refresh","method":"POST","requestId":"req_6tc1chrx","statusCode":401,"error":{"name":"Error","message":"Refresh token gecersiz.","stack":"Error: Refresh token gecersiz.\n    at httpError (C:\\Users\\LENOVO\\Desktop\\2026-04-19-kanka-paket-takip-uygulamas-yapacaz-kuriyelere\\server.js:1234:17)\n    at refreshSessionPair (C:\\Users\\LENOVO\\Desktop\\2026-04-19-kanka-paket-takip-uygulamas-yapacaz-kuriyelere\\server.js:2195:11)\n    at handleApi (C:\\Users\\LENOVO\\Desktop\\2026-04-19-kanka-paket-takip-uygulamas-yapacaz-kuriyelere\\server.js:6534:18)\n    at process.processTicksAndRejections (node:internal/process/task_queues:103:5)\n    at async Server.<anonymous> (C:\\Users\\LENOVO\\Desktop\\2026-04-19-kanka-paket-takip-uygulamas-yapacaz-kuriyelere\\server.js:9287:7)"}}
{"ts":"2026-06-20T06:39:26.192Z","level":"warn","message":"Request completed with client error","service":"delivera-express","endpoint":"/api/courier/refresh","method":"POST","requestId":"req_6tc1chrx","statusCode":401,"elapsedMs":2}
{"ts":"2026-06-20T06:39:28.127Z","level":"warn","message":"Request completed with client error","service":"delivera-express","endpoint":"/api/courier/me","method":"GET","requestId":"req_guzmn2tc","statusCode":401,"elapsedMs":1}
{"ts":"2026-06-20T06:39:28.133Z","level":"warn","message":"Request rejected","service":"delivera-express","endpoint":"/api/courier/refresh","method":"POST","requestId":"req_cezxxc25","statusCode":401,"error":{"name":"Error","message":"Refresh token gecersiz.","stack":"Error: Refresh token gecersiz.\n    at httpError (C:\\Users\\LENOVO\\Desktop\\2026-04-19-kanka-paket-takip-uygulamas-yapacaz-kuriyelere\\server.js:1234:17)\n    at refreshSessionPair (C:\\Users\\LENOVO\\Desktop\\2026-04-19-kanka-paket-takip-uygulamas-yapacaz-kuriyelere\\server.js:2195:11)\n    at handleApi (C:\\Users\\LENOVO\\Desktop\\2026-04-19-kanka-paket-takip-uygulamas-yapacaz-kuriyelere\\server.js:6534:18)\n    at process.processTicksAndRejections (node:internal/process/task_queues:103:5)\n    at async Server.<anonymous> (C:\\Users\\LENOVO\\Desktop\\2026-04-19-kanka-paket-takip-uygulamas-yapacaz-kuriyelere\\server.js:9287:7)"}}
{"ts":"2026-06-20T06:39:28.135Z","level":"warn","message":"Request completed with client error","service":"delivera-express","endpoint":"/api/courier/refresh","method":"POST","requestId":"req_cezxxc25","statusCode":401,"elapsedMs":3}
{"ts":"2026-06-20T06:39:37.855Z","level":"warn","message":"Request completed with client error","service":"delivera-express","endpoint":"/api/courier/me","method":"GET","requestId":"req_o0yhl6ox","statusCode":401,"elapsedMs":1}
{"ts":"2026-06-20T06:39:37.857Z","level":"warn","message":"Request rejected","service":"delivera-express","endpoint":"/api/courier/refresh","method":"POST","requestId":"req_7rxrpz9z","statusCode":401,"error":{"name":"Error","message":"Refresh token gecersiz.","stack":"Error: Refresh token gecersiz.\n    at httpError (C:\\Users\\LENOVO\\Desktop\\2026-04-19-kanka-paket-takip-uygulamas-yapacaz-kuriyelere\\server.js:1234:17)\n    at refreshSessionPair (C:\\Users\\LENOVO\\Desktop\\2026-04-19-kanka-paket-takip-uygulamas-yapacaz-kuriyelere\\server.js:2195:11)\n    at handleApi (C:\\Users\\LENOVO\\Desktop\\2026-04-19-kanka-paket-takip-uygulamas-yapacaz-kuriyelere\\server.js:6534:18)\n    at process.processTicksAndRejections (node:internal/process/task_queues:103:5)\n    at async Server.<anonymous> (C:\\Users\\LENOVO\\Desktop\\2026-04-19-kanka-paket-takip-uygulamas-yapacaz-kuriyelere\\server.js:9287:7)"}}
{"ts":"2026-06-20T06:39:37.859Z","level":"warn","message":"Request completed with client error","service":"delivera-express","endpoint":"/api/courier/refresh","method":"POST","requestId":"req_7rxrpz9z","statusCode":401,"elapsedMs":2}
{"ts":"2026-06-20T06:39:38.481Z","level":"warn","message":"Request completed with client error","service":"delivera-express","endpoint":"/api/courier/location","method":"PATCH","requestId":"req_kwas9j3a","statusCode":401,"elapsedMs":2}
{"ts":"2026-06-20T06:39:38.485Z","level":"warn","message":"Request rejected","service":"delivera-express","endpoint":"/api/courier/refresh","method":"POST","requestId":"req_9p4i3u74","statusCode":401,"error":{"name":"Error","message":"Refresh token gecersiz.","stack":"Error: Refresh token gecersiz.\n    at httpError (C:\\Users\\LENOVO\\Desktop\\2026-04-19-kanka-paket-takip-uygulamas-yapacaz-kuriyelere\\server.js:1234:17)\n    at refreshSessionPair (C:\\Users\\LENOVO\\Desktop\\2026-04-19-kanka-paket-takip-uygulamas-yapacaz-kuriyelere\\server.js:2195:11)\n    at handleApi (C:\\Users\\LENOVO\\Desktop\\2026-04-19-kanka-paket-takip-uygulamas-yapacaz-kuriyelere\\server.js:6534:18)\n    at process.processTicksAndRejections (node:internal/process/task_queues:103:5)\n    at async Server.<anonymous> (C:\\Users\\LENOVO\\Desktop\\2026-04-19-kanka-paket-takip-uygulamas-yapacaz-kuriyelere\\server.js:9287:7)"}}
{"ts":"2026-06-20T06:39:38.486Z","level":"warn","message":"Request completed with client error","service":"delivera-express","endpoint":"/api/courier/refresh","method":"POST","requestId":"req_9p4i3u74","statusCode":401,"elapsedMs":2}
{"ts":"2026-06-20T06:39:38.806Z","level":"warn","message":"Request completed with client error","service":"delivera-express","endpoint":"/api/courier/location","method":"PATCH","requestId":"req_7hx8j7ih","statusCode":401,"elapsedMs":0}
{"ts":"2026-06-20T06:39:38.809Z","level":"warn","message":"Request rejected","service":"delivera-express","endpoint":"/api/courier/refresh","method":"POST","requestId":"req_ro466xln","statusCode":401,"error":{"name":"Error","message":"Refresh token gecersiz.","stack":"Error: Refresh token gecersiz.\n    at httpError (C:\\Users\\LENOVO\\Desktop\\2026-04-19-kanka-paket-takip-uygulamas-yapacaz-kuriyelere\\server.js:1234:17)\n    at refreshSessionPair (C:\\Users\\LENOVO\\Desktop\\2026-04-19-kanka-paket-takip-uygulamas-yapacaz-kuriyelere\\server.js:2195:11)\n    at handleApi (C:\\Users\\LENOVO\\Desktop\\2026-04-19-kanka-paket-takip-uygulamas-yapacaz-kuriyelere\\server.js:6534:18)\n    at process.processTicksAndRejections (node:internal/process/task_queues:103:5)\n    at async Server.<anonymous> (C:\\Users\\LENOVO\\Desktop\\2026-04-19-kanka-paket-takip-uygulamas-yapacaz-kuriyelere\\server.js:9287:7)"}}
{"ts":"2026-06-20T06:39:38.810Z","level":"warn","message":"Request completed with client error","service":"delivera-express","endpoint":"/api/courier/refresh","method":"POST","requestId":"req_ro466xln","statusCode":401,"elapsedMs":1}
{"ts":"2026-06-20T06:39:40.806Z","level":"warn","message":"Request completed with client error","service":"delivera-express","endpoint":"/api/courier/location","method":"PATCH","requestId":"req_v1naxk76","statusCode":401,"elapsedMs":1}
{"ts":"2026-06-20T06:39:40.808Z","level":"warn","message":"Request rejected","service":"delivera-express","endpoint":"/api/courier/refresh","method":"POST","requestId":"req_jfupb4ic","statusCode":401,"error":{"name":"Error","message":"Refresh token gecersiz.","stack":"Error: Refresh token gecersiz.\n    at httpError (C:\\Users\\LENOVO\\Desktop\\2026-04-19-kanka-paket-takip-uygulamas-yapacaz-kuriyelere\\server.js:1234:17)\n    at refreshSessionPair (C:\\Users\\LENOVO\\Desktop\\2026-04-19-kanka-paket-takip-uygulamas-yapacaz-kuriyelere\\server.js:2195:11)\n    at handleApi (C:\\Users\\LENOVO\\Desktop\\2026-04-19-kanka-paket-takip-uygulamas-yapacaz-kuriyelere\\server.js:6534:18)\n    at process.processTicksAndRejections (node:internal/process/task_queues:103:5)\n    at async Server.<anonymous> (C:\\Users\\LENOVO\\Desktop\\2026-04-19-kanka-paket-takip-uygulamas-yapacaz-kuriyelere\\server.js:9287:7)"}}
{"ts":"2026-06-20T06:39:40.810Z","level":"warn","message":"Request completed with client error","service":"delivera-express","endpoint":"/api/courier/refresh","method":"POST","requestId":"req_jfupb4ic","statusCode":401,"elapsedMs":2}
{"ts":"2026-06-20T06:39:42.809Z","level":"warn","message":"Request completed with client error","service":"delivera-express","endpoint":"/api/courier/location","method":"PATCH","requestId":"req_061ljwwv","statusCode":401,"elapsedMs":0}
{"ts":"2026-06-20T06:39:42.812Z","level":"warn","message":"Request rejected","service":"delivera-express","endpoint":"/api/courier/refresh","method":"POST","requestId":"req_kmkecb90","statusCode":401,"error":{"name":"Error","message":"Refresh token gecersiz.","stack":"Error: Refresh token gecersiz.\n    at httpError (C:\\Users\\LENOVO\\Desktop\\2026-04-19-kanka-paket-takip-uygulamas-yapacaz-kuriyelere\\server.js:1234:17)\n    at refreshSessionPair (C:\\Users\\LENOVO\\Desktop\\2026-04-19-kanka-paket-takip-uygulamas-yapacaz-kuriyelere\\server.js:2195:11)\n    at handleApi (C:\\Users\\LENOVO\\Desktop\\2026-04-19-kanka-paket-takip-uygulamas-yapacaz-kuriyelere\\server.js:6534:18)\n    at process.processTicksAndRejections (node:internal/process/task_queues:103:5)\n    at async Server.<anonymous> (C:\\Users\\LENOVO\\Desktop\\2026-04-19-kanka-paket-takip-uygulamas-yapacaz-kuriyelere\\server.js:9287:7)"}}
{"ts":"2026-06-20T06:39:42.813Z","level":"warn","message":"Request completed with client error","service":"delivera-express","endpoint":"/api/courier/refresh","method":"POST","requestId":"req_kmkecb90","statusCode":401,"elapsedMs":1}
{"ts":"2026-06-20T06:39:45.184Z","level":"warn","message":"Request completed with client error","service":"delivera-express","endpoint":"/api/courier/location","method":"PATCH","requestId":"req_exaagwsy","statusCode":401,"elapsedMs":1}
{"ts":"2026-06-20T06:39:45.186Z","level":"warn","message":"Request rejected","service":"delivera-express","endpoint":"/api/courier/refresh","method":"POST","requestId":"req_fbgmzeun","statusCode":401,"error":{"name":"Error","message":"Refresh token gecersiz.","stack":"Error: Refresh token gecersiz.\n    at httpError (C:\\Users\\LENOVO\\Desktop\\2026-04-19-kanka-paket-takip-uygulamas-yapacaz-kuriyelere\\server.js:1234:17)\n    at refreshSessionPair (C:\\Users\\LENOVO\\Desktop\\2026-04-19-kanka-paket-takip-uygulamas-yapacaz-kuriyelere\\server.js:2195:11)\n    at handleApi (C:\\Users\\LENOVO\\Desktop\\2026-04-19-kanka-paket-takip-uygulamas-yapacaz-kuriyelere\\server.js:6534:18)\n    at process.processTicksAndRejections (node:internal/process/task_queues:103:5)\n    at async Server.<anonymous> (C:\\Users\\LENOVO\\Desktop\\2026-04-19-kanka-paket-takip-uygulamas-yapacaz-kuriyelere\\server.js:9287:7)"}}
{"ts":"2026-06-20T06:39:45.188Z","level":"warn","message":"Request completed with client error","service":"delivera-express","endpoint":"/api/courier/refresh","method":"POST","requestId":"req_fbgmzeun","statusCode":401,"elapsedMs":2}
{"ts":"2026-06-20T06:39:45.824Z","level":"warn","message":"Request completed with client error","service":"delivera-express","endpoint":"/api/courier/location","method":"PATCH","requestId":"req_3ixqrtj6","statusCode":401,"elapsedMs":1}
{"ts":"2026-06-20T06:39:45.830Z","level":"warn","message":"Request rejected","service":"delivera-express","endpoint":"/api/courier/refresh","method":"POST","requestId":"req_mjpi2b3k","statusCode":401,"error":{"name":"Error","message":"Refresh token gecersiz.","stack":"Error: Refresh token gecersiz.\n    at httpError (C:\\Users\\LENOVO\\Desktop\\2026-04-19-kanka-paket-takip-uygulamas-yapacaz-kuriyelere\\server.js:1234:17)\n    at refreshSessionPair (C:\\Users\\LENOVO\\Desktop\\2026-04-19-kanka-paket-takip-uygulamas-yapacaz-kuriyelere\\server.js:2195:11)\n    at handleApi (C:\\Users\\LENOVO\\Desktop\\2026-04-19-kanka-paket-takip-uygulamas-yapacaz-kuriyelere\\server.js:6534:18)\n    at process.processTicksAndRejections (node:internal/process/task_queues:103:5)\n    at async Server.<anonymous> (C:\\Users\\LENOVO\\Desktop\\2026-04-19-kanka-paket-takip-uygulamas-yapacaz-kuriyelere\\server.js:9287:7)"}}
{"ts":"2026-06-20T06:39:45.832Z","level":"warn","message":"Request completed with client error","service":"delivera-express","endpoint":"/api/courier/refresh","method":"POST","requestId":"req_mjpi2b3k","statusCode":401,"elapsedMs":3}
{"ts":"2026-06-20T06:39:46.808Z","level":"warn","message":"Request completed with client error","service":"delivera-express","endpoint":"/api/courier/location","method":"PATCH","requestId":"req_aqlpasm0","statusCode":401,"elapsedMs":0}
{"ts":"2026-06-20T06:39:46.812Z","level":"warn","message":"Request rejected","service":"delivera-express","endpoint":"/api/courier/refresh","method":"POST","requestId":"req_lvbojq6h","statusCode":401,"error":{"name":"Error","message":"Refresh token gecersiz.","stack":"Error: Refresh token gecersiz.\n    at httpError (C:\\Users\\LENOVO\\Desktop\\2026-04-19-kanka-paket-takip-uygulamas-yapacaz-kuriyelere\\server.js:1234:17)\n    at refreshSessionPair (C:\\Users\\LENOVO\\Desktop\\2026-04-19-kanka-paket-takip-uygulamas-yapacaz-kuriyelere\\server.js:2195:11)\n    at handleApi (C:\\Users\\LENOVO\\Desktop\\2026-04-19-kanka-paket-takip-uygulamas-yapacaz-kuriyelere\\server.js:6534:18)\n    at process.processTicksAndRejections (node:internal/process/task_queues:103:5)\n    at async Server.<anonymous> (C:\\Users\\LENOVO\\Desktop\\2026-04-19-kanka-paket-takip-uygulamas-yapacaz-kuriyelere\\server.js:9287:7)"}}
{"ts":"2026-06-20T06:39:46.813Z","level":"warn","message":"Request completed with client error","service":"delivera-express","endpoint":"/api/courier/refresh","method":"POST","requestId":"req_lvbojq6h","statusCode":401,"elapsedMs":2}
{"ts":"2026-06-20T06:39:48.805Z","level":"warn","message":"Request completed with client error","service":"delivera-express","endpoint":"/api/courier/location","method":"PATCH","requestId":"req_wrkv2nwa","statusCode":401,"elapsedMs":1}
{"ts":"2026-06-20T06:39:48.808Z","level":"warn","message":"Request rejected","service":"delivera-express","endpoint":"/api/courier/refresh","method":"POST","requestId":"req_0hjzy7qp","statusCode":401,"error":{"name":"Error","message":"Refresh token gecersiz.","stack":"Error: Refresh token gecersiz.\n    at httpError (C:\\Users\\LENOVO\\Desktop\\2026-04-19-kanka-paket-takip-uygulamas-yapacaz-kuriyelere\\server.js:1234:17)\n    at refreshSessionPair (C:\\Users\\LENOVO\\Desktop\\2026-04-19-kanka-paket-takip-uygulamas-yapacaz-kuriyelere\\server.js:2195:11)\n    at handleApi (C:\\Users\\LENOVO\\Desktop\\2026-04-19-kanka-paket-takip-uygulamas-yapacaz-kuriyelere\\server.js:6534:18)\n    at process.processTicksAndRejections (node:internal/process/task_queues:103:5)\n    at async Server.<anonymous> (C:\\Users\\LENOVO\\Desktop\\2026-04-19-kanka-paket-takip-uygulamas-yapacaz-kuriyelere\\server.js:9287:7)"}}
{"ts":"2026-06-20T06:39:48.811Z","level":"warn","message":"Request completed with client error","service":"delivera-express","endpoint":"/api/courier/refresh","method":"POST","requestId":"req_0hjzy7qp","statusCode":401,"elapsedMs":4}
{"ts":"2026-06-20T06:39:49.852Z","level":"warn","message":"Request completed with client error","service":"delivera-express","endpoint":"/api/courier/me","method":"GET","requestId":"req_o3u872yx","statusCode":401,"elapsedMs":0}
{"ts":"2026-06-20T06:39:49.855Z","level":"warn","message":"Request rejected","service":"delivera-express","endpoint":"/api/courier/refresh","method":"POST","requestId":"req_ycmi810u","statusCode":401,"error":{"name":"Error","message":"Refresh token gecersiz.","stack":"Error: Refresh token gecersiz.\n    at httpError (C:\\Users\\LENOVO\\Desktop\\2026-04-19-kanka-paket-takip-uygulamas-yapacaz-kuriyelere\\server.js:1234:17)\n    at refreshSessionPair (C:\\Users\\LENOVO\\Desktop\\2026-04-19-kanka-paket-takip-uygulamas-yapacaz-kuriyelere\\server.js:2195:11)\n    at handleApi (C:\\Users\\LENOVO\\Desktop\\2026-04-19-kanka-paket-takip-uygulamas-yapacaz-kuriyelere\\server.js:6534:18)\n    at process.processTicksAndRejections (node:internal/process/task_queues:103:5)\n    at async Server.<anonymous> (C:\\Users\\LENOVO\\Desktop\\2026-04-19-kanka-paket-takip-uygulamas-yapacaz-kuriyelere\\server.js:9287:7)"}}
{"ts":"2026-06-20T06:39:49.858Z","level":"warn","message":"Request completed with client error","service":"delivera-express","endpoint":"/api/courier/refresh","method":"POST","requestId":"req_ycmi810u","statusCode":401,"elapsedMs":2}
{"ts":"2026-06-20T06:39:50.435Z","level":"warn","message":"Request completed with client error","service":"delivera-express","endpoint":"/api/courier/location","method":"PATCH","requestId":"req_ek0jkd4w","statusCode":401,"elapsedMs":1}
{"ts":"2026-06-20T06:39:50.439Z","level":"warn","message":"Request rejected","service":"delivera-express","endpoint":"/api/courier/refresh","method":"POST","requestId":"req_cieax0sp","statusCode":401,"error":{"name":"Error","message":"Refresh token gecersiz.","stack":"Error: Refresh token gecersiz.\n    at httpError (C:\\Users\\LENOVO\\Desktop\\2026-04-19-kanka-paket-takip-uygulamas-yapacaz-kuriyelere\\server.js:1234:17)\n    at refreshSessionPair (C:\\Users\\LENOVO\\Desktop\\2026-04-19-kanka-paket-takip-uygulamas-yapacaz-kuriyelere\\server.js:2195:11)\n    at handleApi (C:\\Users\\LENOVO\\Desktop\\2026-04-19-kanka-paket-takip-uygulamas-yapacaz-kuriyelere\\server.js:6534:18)\n    at process.processTicksAndRejections (node:internal/process/task_queues:103:5)\n    at async Server.<anonymous> (C:\\Users\\LENOVO\\Desktop\\2026-04-19-kanka-paket-takip-uygulamas-yapacaz-kuriyelere\\server.js:9287:7)"}}
{"ts":"2026-06-20T06:39:50.440Z","level":"warn","message":"Request completed with client error","service":"delivera-express","endpoint":"/api/courier/refresh","method":"POST","requestId":"req_cieax0sp","statusCode":401,"elapsedMs":1}
{"ts":"2026-06-20T06:39:50.812Z","level":"warn","message":"Request completed with client error","service":"delivera-express","endpoint":"/api/courier/location","method":"PATCH","requestId":"req_nncnyok2","statusCode":401,"elapsedMs":1}
{"ts":"2026-06-20T06:39:50.817Z","level":"warn","message":"Request rejected","service":"delivera-express","endpoint":"/api/courier/refresh","method":"POST","requestId":"req_ivhg44wv","statusCode":401,"error":{"name":"Error","message":"Refresh token gecersiz.","stack":"Error: Refresh token gecersiz.\n    at httpError (C:\\Users\\LENOVO\\Desktop\\2026-04-19-kanka-paket-takip-uygulamas-yapacaz-kuriyelere\\server.js:1234:17)\n    at refreshSessionPair (C:\\Users\\LENOVO\\Desktop\\2026-04-19-kanka-paket-takip-uygulamas-yapacaz-kuriyelere\\server.js:2195:11)\n    at handleApi (C:\\Users\\LENOVO\\Desktop\\2026-04-19-kanka-paket-takip-uygulamas-yapacaz-kuriyelere\\server.js:6534:18)\n    at process.processTicksAndRejections (node:internal/process/task_queues:103:5)\n    at async Server.<anonymous> (C:\\Users\\LENOVO\\Desktop\\2026-04-19-kanka-paket-takip-uygulamas-yapacaz-kuriyelere\\server.js:9287:7)"}}
{"ts":"2026-06-20T06:39:50.819Z","level":"warn","message":"Request completed with client error","service":"delivera-express","endpoint":"/api/courier/refresh","method":"POST","requestId":"req_ivhg44wv","statusCode":401,"elapsedMs":4}
{"ts":"2026-06-20T06:39:52.811Z","level":"warn","message":"Request completed with client error","service":"delivera-express","endpoint":"/api/courier/location","method":"PATCH","requestId":"req_im07wede","statusCode":401,"elapsedMs":0}
{"ts":"2026-06-20T06:39:52.814Z","level":"warn","message":"Request rejected","service":"delivera-express","endpoint":"/api/courier/refresh","method":"POST","requestId":"req_bbdvy945","statusCode":401,"error":{"name":"Error","message":"Refresh token gecersiz.","stack":"Error: Refresh token gecersiz.\n    at httpError (C:\\Users\\LENOVO\\Desktop\\2026-04-19-kanka-paket-takip-uygulamas-yapacaz-kuriyelere\\server.js:1234:17)\n    at refreshSessionPair (C:\\Users\\LENOVO\\Desktop\\2026-04-19-kanka-paket-takip-uygulamas-yapacaz-kuriyelere\\server.js:2195:11)\n    at handleApi (C:\\Users\\LENOVO\\Desktop\\2026-04-19-kanka-paket-takip-uygulamas-yapacaz-kuriyelere\\server.js:6534:18)\n    at process.processTicksAndRejections (node:internal/process/task_queues:103:5)\n    at async Server.<anonymous> (C:\\Users\\LENOVO\\Desktop\\2026-04-19-kanka-paket-takip-uygulamas-yapacaz-kuriyelere\\server.js:9287:7)"}}
{"ts":"2026-06-20T06:39:52.815Z","level":"warn","message":"Request completed with client error","service":"delivera-express","endpoint":"/api/courier/refresh","method":"POST","requestId":"req_bbdvy945","statusCode":401,"elapsedMs":2}
{"ts":"2026-06-20T06:39:54.809Z","level":"warn","message":"Request completed with client error","service":"delivera-express","endpoint":"/api/courier/location","method":"PATCH","requestId":"req_60updnie","statusCode":401,"elapsedMs":1}
{"ts":"2026-06-20T06:39:54.812Z","level":"warn","message":"Request rejected","service":"delivera-express","endpoint":"/api/courier/refresh","method":"POST","requestId":"req_hoxqu2jl","statusCode":401,"error":{"name":"Error","message":"Refresh token gecersiz.","stack":"Error: Refresh token gecersiz.\n    at httpError (C:\\Users\\LENOVO\\Desktop\\2026-04-19-kanka-paket-takip-uygulamas-yapacaz-kuriyelere\\server.js:1234:17)\n    at refreshSessionPair (C:\\Users\\LENOVO\\Desktop\\2026-04-19-kanka-paket-takip-uygulamas-yapacaz-kuriyelere\\server.js:2195:11)\n    at handleApi (C:\\Users\\LENOVO\\Desktop\\2026-04-19-kanka-paket-takip-uygulamas-yapacaz-kuriyelere\\server.js:6534:18)\n    at process.processTicksAndRejections (node:internal/process/task_queues:103:5)\n    at async Server.<anonymous> (C:\\Users\\LENOVO\\Desktop\\2026-04-19-kanka-paket-takip-uygulamas-yapacaz-kuriyelere\\server.js:9287:7)"}}
{"ts":"2026-06-20T06:39:54.813Z","level":"warn","message":"Request completed with client error","service":"delivera-express","endpoint":"/api/courier/refresh","method":"POST","requestId":"req_hoxqu2jl","statusCode":401,"elapsedMs":2}
{"ts":"2026-06-20T06:39:56.812Z","level":"warn","message":"Request completed with client error","service":"delivera-express","endpoint":"/api/courier/location","method":"PATCH","requestId":"req_769k12u5","statusCode":401,"elapsedMs":1}
{"ts":"2026-06-20T06:39:56.815Z","level":"warn","message":"Request rejected","service":"delivera-express","endpoint":"/api/courier/refresh","method":"POST","requestId":"req_0sc4lt54","statusCode":401,"error":{"name":"Error","message":"Refresh token gecersiz.","stack":"Error: Refresh token gecersiz.\n    at httpError (C:\\Users\\LENOVO\\Desktop\\2026-04-19-kanka-paket-takip-uygulamas-yapacaz-kuriyelere\\server.js:1234:17)\n    at refreshSessionPair (C:\\Users\\LENOVO\\Desktop\\2026-04-19-kanka-paket-takip-uygulamas-yapacaz-kuriyelere\\server.js:2195:11)\n    at handleApi (C:\\Users\\LENOVO\\Desktop\\2026-04-19-kanka-paket-takip-uygulamas-yapacaz-kuriyelere\\server.js:6534:18)\n    at process.processTicksAndRejections (node:internal/process/task_queues:103:5)\n    at async Server.<anonymous> (C:\\Users\\LENOVO\\Desktop\\2026-04-19-kanka-paket-takip-uygulamas-yapacaz-kuriyelere\\server.js:9287:7)"}}
{"ts":"2026-06-20T06:39:56.816Z","level":"warn","message":"Request completed with client error","service":"delivera-express","endpoint":"/api/courier/refresh","method":"POST","requestId":"req_0sc4lt54","statusCode":401,"elapsedMs":2}
{"ts":"2026-06-20T06:39:58.809Z","level":"warn","message":"Request completed with client error","service":"delivera-express","endpoint":"/api/courier/location","method":"PATCH","requestId":"req_unjy301f","statusCode":401,"elapsedMs":0}
{"ts":"2026-06-20T06:39:58.812Z","level":"warn","message":"Request rejected","service":"delivera-express","endpoint":"/api/courier/refresh","method":"POST","requestId":"req_qiblfoag","statusCode":401,"error":{"name":"Error","message":"Refresh token gecersiz.","stack":"Error: Refresh token gecersiz.\n    at httpError (C:\\Users\\LENOVO\\Desktop\\2026-04-19-kanka-paket-takip-uygulamas-yapacaz-kuriyelere\\server.js:1234:17)\n    at refreshSessionPair (C:\\Users\\LENOVO\\Desktop\\2026-04-19-kanka-paket-takip-uygulamas-yapacaz-kuriyelere\\server.js:2195:11)\n    at handleApi (C:\\Users\\LENOVO\\Desktop\\2026-04-19-kanka-paket-takip-uygulamas-yapacaz-kuriyelere\\server.js:6534:18)\n    at process.processTicksAndRejections (node:internal/process/task_queues:103:5)\n    at async Server.<anonymous> (C:\\Users\\LENOVO\\Desktop\\2026-04-19-kanka-paket-takip-uygulamas-yapacaz-kuriyelere\\server.js:9287:7)"}}
{"ts":"2026-06-20T06:39:58.813Z","level":"warn","message":"Request completed with client error","service":"delivera-express","endpoint":"/api/courier/refresh","method":"POST","requestId":"req_qiblfoag","statusCode":401,"elapsedMs":1}
{"ts":"2026-06-20T06:40:00.817Z","level":"warn","message":"Request completed with client error","service":"delivera-express","endpoint":"/api/courier/location","method":"PATCH","requestId":"req_4933o013","statusCode":401,"elapsedMs":1}
{"ts":"2026-06-20T06:40:00.820Z","level":"warn","message":"Request rejected","service":"delivera-express","endpoint":"/api/courier/refresh","method":"POST","requestId":"req_s7juqrfk","statusCode":401,"error":{"name":"Error","message":"Refresh token gecersiz.","stack":"Error: Refresh token gecersiz.\n    at httpError (C:\\Users\\LENOVO\\Desktop\\2026-04-19-kanka-paket-takip-uygulamas-yapacaz-kuriyelere\\server.js:1234:17)\n    at refreshSessionPair (C:\\Users\\LENOVO\\Desktop\\2026-04-19-kanka-paket-takip-uygulamas-yapacaz-kuriyelere\\server.js:2195:11)\n    at handleApi (C:\\Users\\LENOVO\\Desktop\\2026-04-19-kanka-paket-takip-uygulamas-yapacaz-kuriyelere\\server.js:6534:18)\n    at process.processTicksAndRejections (node:internal/process/task_queues:103:5)\n    at async Server.<anonymous> (C:\\Users\\LENOVO\\Desktop\\2026-04-19-kanka-paket-takip-uygulamas-yapacaz-kuriyelere\\server.js:9287:7)"}}
{"ts":"2026-06-20T06:40:00.821Z","level":"warn","message":"Request completed with client error","service":"delivera-express","endpoint":"/api/courier/refresh","method":"POST","requestId":"req_s7juqrfk","statusCode":401,"elapsedMs":2}
{"ts":"2026-06-20T06:40:01.850Z","level":"warn","message":"Request completed with client error","service":"delivera-express","endpoint":"/api/courier/me","method":"GET","requestId":"req_ldhnu56n","statusCode":401,"elapsedMs":0}
{"ts":"2026-06-20T06:40:01.853Z","level":"warn","message":"Request rejected","service":"delivera-express","endpoint":"/api/courier/refresh","method":"POST","requestId":"req_tu5lmrr6","statusCode":401,"error":{"name":"Error","message":"Refresh token gecersiz.","stack":"Error: Refresh token gecersiz.\n    at httpError (C:\\Users\\LENOVO\\Desktop\\2026-04-19-kanka-paket-takip-uygulamas-yapacaz-kuriyelere\\server.js:1234:17)\n    at refreshSessionPair (C:\\Users\\LENOVO\\Desktop\\2026-04-19-kanka-paket-takip-uygulamas-yapacaz-kuriyelere\\server.js:2195:11)\n    at handleApi (C:\\Users\\LENOVO\\Desktop\\2026-04-19-kanka-paket-takip-uygulamas-yapacaz-kuriyelere\\server.js:6534:18)\n    at process.processTicksAndRejections (node:internal/process/task_queues:103:5)\n    at async Server.<anonymous> (C:\\Users\\LENOVO\\Desktop\\2026-04-19-kanka-paket-takip-uygulamas-yapacaz-kuriyelere\\server.js:9287:7)"}}
{"ts":"2026-06-20T06:40:01.854Z","level":"warn","message":"Request completed with client error","service":"delivera-express","endpoint":"/api/courier/refresh","method":"POST","requestId":"req_tu5lmrr6","statusCode":401,"elapsedMs":2}
{"ts":"2026-06-20T06:40:02.811Z","level":"warn","message":"Request completed with client error","service":"delivera-express","endpoint":"/api/courier/location","method":"PATCH","requestId":"req_ksoaz9qt","statusCode":401,"elapsedMs":0}
{"ts":"2026-06-20T06:40:02.815Z","level":"warn","message":"Request rejected","service":"delivera-express","endpoint":"/api/courier/refresh","method":"POST","requestId":"req_gj04odxz","statusCode":401,"error":{"name":"Error","message":"Refresh token gecersiz.","stack":"Error: Refresh token gecersiz.\n    at httpError (C:\\Users\\LENOVO\\Desktop\\2026-04-19-kanka-paket-takip-uygulamas-yapacaz-kuriyelere\\server.js:1234:17)\n    at refreshSessionPair (C:\\Users\\LENOVO\\Desktop\\2026-04-19-kanka-paket-takip-uygulamas-yapacaz-kuriyelere\\server.js:2195:11)\n    at handleApi (C:\\Users\\LENOVO\\Desktop\\2026-04-19-kanka-paket-takip-uygulamas-yapacaz-kuriyelere\\server.js:6534:18)\n    at process.processTicksAndRejections (node:internal/process/task_queues:103:5)\n    at async Server.<anonymous> (C:\\Users\\LENOVO\\Desktop\\2026-04-19-kanka-paket-takip-uygulamas-yapacaz-kuriyelere\\server.js:9287:7)"}}
{"ts":"2026-06-20T06:40:02.816Z","level":"warn","message":"Request completed with client error","service":"delivera-express","endpoint":"/api/courier/refresh","method":"POST","requestId":"req_gj04odxz","statusCode":401,"elapsedMs":2}
{"ts":"2026-06-20T06:40:04.812Z","level":"warn","message":"Request completed with client error","service":"delivera-express","endpoint":"/api/courier/location","method":"PATCH","requestId":"req_6stmfjq3","statusCode":401,"elapsedMs":0}
{"ts":"2026-06-20T06:40:04.815Z","level":"warn","message":"Request rejected","service":"delivera-express","endpoint":"/api/courier/refresh","method":"POST","requestId":"req_vxy8uhir","statusCode":401,"error":{"name":"Error","message":"Refresh token gecersiz.","stack":"Error: Refresh token gecersiz.\n    at httpError (C:\\Users\\LENOVO\\Desktop\\2026-04-19-kanka-paket-takip-uygulamas-yapacaz-kuriyelere\\server.js:1234:17)\n    at refreshSessionPair (C:\\Users\\LENOVO\\Desktop\\2026-04-19-kanka-paket-takip-uygulamas-yapacaz-kuriyelere\\server.js:2195:11)\n    at handleApi (C:\\Users\\LENOVO\\Desktop\\2026-04-19-kanka-paket-takip-uygulamas-yapacaz-kuriyelere\\server.js:6534:18)\n    at process.processTicksAndRejections (node:internal/process/task_queues:103:5)\n    at async Server.<anonymous> (C:\\Users\\LENOVO\\Desktop\\2026-04-19-kanka-paket-takip-uygulamas-yapacaz-kuriyelere\\server.js:9287:7)"}}
{"ts":"2026-06-20T06:40:04.816Z","level":"warn","message":"Request completed with client error","service":"delivera-express","endpoint":"/api/courier/refresh","method":"POST","requestId":"req_vxy8uhir","statusCode":401,"elapsedMs":1}
{"ts":"2026-06-20T06:40:06.811Z","level":"warn","message":"Request completed with client error","service":"delivera-express","endpoint":"/api/courier/location","method":"PATCH","requestId":"req_a6qel39x","statusCode":401,"elapsedMs":1}
{"ts":"2026-06-20T06:40:06.813Z","level":"warn","message":"Request rejected","service":"delivera-express","endpoint":"/api/courier/refresh","method":"POST","requestId":"req_l12whtzu","statusCode":401,"error":{"name":"Error","message":"Refresh token gecersiz.","stack":"Error: Refresh token gecersiz.\n    at httpError (C:\\Users\\LENOVO\\Desktop\\2026-04-19-kanka-paket-takip-uygulamas-yapacaz-kuriyelere\\server.js:1234:17)\n    at refreshSessionPair (C:\\Users\\LENOVO\\Desktop\\2026-04-19-kanka-paket-takip-uygulamas-yapacaz-kuriyelere\\server.js:2195:11)\n    at handleApi (C:\\Users\\LENOVO\\Desktop\\2026-04-19-kanka-paket-takip-uygulamas-yapacaz-kuriyelere\\server.js:6534:18)\n    at process.processTicksAndRejections (node:internal/process/task_queues:103:5)\n    at async Server.<anonymous> (C:\\Users\\LENOVO\\Desktop\\2026-04-19-kanka-paket-takip-uygulamas-yapacaz-kuriyelere\\server.js:9287:7)"}}
{"ts":"2026-06-20T06:40:06.815Z","level":"warn","message":"Request completed with client error","service":"delivera-express","endpoint":"/api/courier/refresh","method":"POST","requestId":"req_l12whtzu","statusCode":401,"elapsedMs":2}
{"ts":"2026-06-20T06:40:08.812Z","level":"warn","message":"Request completed with client error","service":"delivera-express","endpoint":"/api/courier/location","method":"PATCH","requestId":"req_4vvumacr","statusCode":401,"elapsedMs":1}
{"ts":"2026-06-20T06:40:08.815Z","level":"warn","message":"Request rejected","service":"delivera-express","endpoint":"/api/courier/refresh","method":"POST","requestId":"req_uk5hvyoh","statusCode":401,"error":{"name":"Error","message":"Refresh token gecersiz.","stack":"Error: Refresh token gecersiz.\n    at httpError (C:\\Users\\LENOVO\\Desktop\\2026-04-19-kanka-paket-takip-uygulamas-yapacaz-kuriyelere\\server.js:1234:17)\n    at refreshSessionPair (C:\\Users\\LENOVO\\Desktop\\2026-04-19-kanka-paket-takip-uygulamas-yapacaz-kuriyelere\\server.js:2195:11)\n    at handleApi (C:\\Users\\LENOVO\\Desktop\\2026-04-19-kanka-paket-takip-uygulamas-yapacaz-kuriyelere\\server.js:6534:18)\n    at process.processTicksAndRejections (node:internal/process/task_queues:103:5)\n    at async Server.<anonymous> (C:\\Users\\LENOVO\\Desktop\\2026-04-19-kanka-paket-takip-uygulamas-yapacaz-kuriyelere\\server.js:9287:7)"}}
{"ts":"2026-06-20T06:40:08.816Z","level":"warn","message":"Request completed with client error","service":"delivera-express","endpoint":"/api/courier/refresh","method":"POST","requestId":"req_uk5hvyoh","statusCode":401,"elapsedMs":1}
{"ts":"2026-06-20T06:40:10.809Z","level":"warn","message":"Request completed with client error","service":"delivera-express","endpoint":"/api/courier/location","method":"PATCH","requestId":"req_y5z5wd7y","statusCode":401,"elapsedMs":1}
{"ts":"2026-06-20T06:40:10.811Z","level":"warn","message":"Request rejected","service":"delivera-express","endpoint":"/api/courier/refresh","method":"POST","requestId":"req_a6adhpl9","statusCode":401,"error":{"name":"Error","message":"Refresh token gecersiz.","stack":"Error: Refresh token gecersiz.\n    at httpError (C:\\Users\\LENOVO\\Desktop\\2026-04-19-kanka-paket-takip-uygulamas-yapacaz-kuriyelere\\server.js:1234:17)\n    at refreshSessionPair (C:\\Users\\LENOVO\\Desktop\\2026-04-19-kanka-paket-takip-uygulamas-yapacaz-kuriyelere\\server.js:2195:11)\n    at handleApi (C:\\Users\\LENOVO\\Desktop\\2026-04-19-kanka-paket-takip-uygulamas-yapacaz-kuriyelere\\server.js:6534:18)\n    at process.processTicksAndRejections (node:internal/process/task_queues:103:5)\n    at async Server.<anonymous> (C:\\Users\\LENOVO\\Desktop\\2026-04-19-kanka-paket-takip-uygulamas-yapacaz-kuriyelere\\server.js:9287:7)"}}
{"ts":"2026-06-20T06:40:10.813Z","level":"warn","message":"Request completed with client error","service":"delivera-express","endpoint":"/api/courier/refresh","method":"POST","requestId":"req_a6adhpl9","statusCode":401,"elapsedMs":1}
{"ts":"2026-06-20T06:40:12.806Z","level":"warn","message":"Request completed with client error","service":"delivera-express","endpoint":"/api/courier/location","method":"PATCH","requestId":"req_cnqujvi8","statusCode":401,"elapsedMs":0}
{"ts":"2026-06-20T06:40:12.810Z","level":"warn","message":"Request rejected","service":"delivera-express","endpoint":"/api/courier/refresh","method":"POST","requestId":"req_39tyn51v","statusCode":401,"error":{"name":"Error","message":"Refresh token gecersiz.","stack":"Error: Refresh token gecersiz.\n    at httpError (C:\\Users\\LENOVO\\Desktop\\2026-04-19-kanka-paket-takip-uygulamas-yapacaz-kuriyelere\\server.js:1234:17)\n    at refreshSessionPair (C:\\Users\\LENOVO\\Desktop\\2026-04-19-kanka-paket-takip-uygulamas-yapacaz-kuriyelere\\server.js:2195:11)\n    at handleApi (C:\\Users\\LENOVO\\Desktop\\2026-04-19-kanka-paket-takip-uygulamas-yapacaz-kuriyelere\\server.js:6534:18)\n    at process.processTicksAndRejections (node:internal/process/task_queues:103:5)\n    at async Server.<anonymous> (C:\\Users\\LENOVO\\Desktop\\2026-04-19-kanka-paket-takip-uygulamas-yapacaz-kuriyelere\\server.js:9287:7)"}}
{"ts":"2026-06-20T06:40:12.811Z","level":"warn","message":"Request completed with client error","service":"delivera-express","endpoint":"/api/courier/refresh","method":"POST","requestId":"req_39tyn51v","statusCode":401,"elapsedMs":2}
{"ts":"2026-06-20T06:40:13.857Z","level":"warn","message":"Request completed with client error","service":"delivera-express","endpoint":"/api/courier/me","method":"GET","requestId":"req_l1cp0h6r","statusCode":401,"elapsedMs":2}
{"ts":"2026-06-20T06:40:13.861Z","level":"warn","message":"Request rejected","service":"delivera-express","endpoint":"/api/courier/refresh","method":"POST","requestId":"req_4gwbb7hz","statusCode":401,"error":{"name":"Error","message":"Refresh token gecersiz.","stack":"Error: Refresh token gecersiz.\n    at httpError (C:\\Users\\LENOVO\\Desktop\\2026-04-19-kanka-paket-takip-uygulamas-yapacaz-kuriyelere\\server.js:1234:17)\n    at refreshSessionPair (C:\\Users\\LENOVO\\Desktop\\2026-04-19-kanka-paket-takip-uygulamas-yapacaz-kuriyelere\\server.js:2195:11)\n    at handleApi (C:\\Users\\LENOVO\\Desktop\\2026-04-19-kanka-paket-takip-uygulamas-yapacaz-kuriyelere\\server.js:6534:18)\n    at process.processTicksAndRejections (node:internal/process/task_queues:103:5)\n    at async Server.<anonymous> (C:\\Users\\LENOVO\\Desktop\\2026-04-19-kanka-paket-takip-uygulamas-yapacaz-kuriyelere\\server.js:9287:7)"}}
{"ts":"2026-06-20T06:40:13.864Z","level":"warn","message":"Request completed with client error","service":"delivera-express","endpoint":"/api/courier/refresh","method":"POST","requestId":"req_4gwbb7hz","statusCode":401,"elapsedMs":4}
{"ts":"2026-06-20T06:40:14.779Z","level":"warn","message":"Request completed with client error","service":"delivera-express","endpoint":"/api/courier/location","method":"PATCH","requestId":"req_cb57bw1q","statusCode":401,"elapsedMs":1}
{"ts":"2026-06-20T06:40:14.782Z","level":"warn","message":"Request rejected","service":"delivera-express","endpoint":"/api/courier/refresh","method":"POST","requestId":"req_9mb3tgqi","statusCode":401,"error":{"name":"Error","message":"Refresh token gecersiz.","stack":"Error: Refresh token gecersiz.\n    at httpError (C:\\Users\\LENOVO\\Desktop\\2026-04-19-kanka-paket-takip-uygulamas-yapacaz-kuriyelere\\server.js:1234:17)\n    at refreshSessionPair (C:\\Users\\LENOVO\\Desktop\\2026-04-19-kanka-paket-takip-uygulamas-yapacaz-kuriyelere\\server.js:2195:11)\n    at handleApi (C:\\Users\\LENOVO\\Desktop\\2026-04-19-kanka-paket-takip-uygulamas-yapacaz-kuriyelere\\server.js:6534:18)\n    at process.processTicksAndRejections (node:internal/process/task_queues:103:5)\n    at async Server.<anonymous> (C:\\Users\\LENOVO\\Desktop\\2026-04-19-kanka-paket-takip-uygulamas-yapacaz-kuriyelere\\server.js:9287:7)"}}
{"ts":"2026-06-20T06:40:14.785Z","level":"warn","message":"Request completed with client error","service":"delivera-express","endpoint":"/api/courier/refresh","method":"POST","requestId":"req_9mb3tgqi","statusCode":401,"elapsedMs":3}
{"ts":"2026-06-20T06:40:14.807Z","level":"warn","message":"Request completed with client error","service":"delivera-express","endpoint":"/api/courier/location","method":"PATCH","requestId":"req_q89zt5go","statusCode":401,"elapsedMs":1}
{"ts":"2026-06-20T06:40:14.811Z","level":"warn","message":"Request rejected","service":"delivera-express","endpoint":"/api/courier/refresh","method":"POST","requestId":"req_hyp1leez","statusCode":401,"error":{"name":"Error","message":"Refresh token gecersiz.","stack":"Error: Refresh token gecersiz.\n    at httpError (C:\\Users\\LENOVO\\Desktop\\2026-04-19-kanka-paket-takip-uygulamas-yapacaz-kuriyelere\\server.js:1234:17)\n    at refreshSessionPair (C:\\Users\\LENOVO\\Desktop\\2026-04-19-kanka-paket-takip-uygulamas-yapacaz-kuriyelere\\server.js:2195:11)\n    at handleApi (C:\\Users\\LENOVO\\Desktop\\2026-04-19-kanka-paket-takip-uygulamas-yapacaz-kuriyelere\\server.js:6534:18)\n    at process.processTicksAndRejections (node:internal/process/task_queues:103:5)\n    at async Server.<anonymous> (C:\\Users\\LENOVO\\Desktop\\2026-04-19-kanka-paket-takip-uygulamas-yapacaz-kuriyelere\\server.js:9287:7)"}}
{"ts":"2026-06-20T06:40:14.812Z","level":"warn","message":"Request completed with client error","service":"delivera-express","endpoint":"/api/courier/refresh","method":"POST","requestId":"req_hyp1leez","statusCode":401,"elapsedMs":2}
{"ts":"2026-06-20T06:40:16.820Z","level":"warn","message":"Request completed with client error","service":"delivera-express","endpoint":"/api/courier/location","method":"PATCH","requestId":"req_eqc7cicy","statusCode":401,"elapsedMs":1}
{"ts":"2026-06-20T06:40:16.823Z","level":"warn","message":"Request rejected","service":"delivera-express","endpoint":"/api/courier/refresh","method":"POST","requestId":"req_481wgtnl","statusCode":401,"error":{"name":"Error","message":"Refresh token gecersiz.","stack":"Error: Refresh token gecersiz.\n    at httpError (C:\\Users\\LENOVO\\Desktop\\2026-04-19-kanka-paket-takip-uygulamas-yapacaz-kuriyelere\\server.js:1234:17)\n    at refreshSessionPair (C:\\Users\\LENOVO\\Desktop\\2026-04-19-kanka-paket-takip-uygulamas-yapacaz-kuriyelere\\server.js:2195:11)\n    at handleApi (C:\\Users\\LENOVO\\Desktop\\2026-04-19-kanka-paket-takip-uygulamas-yapacaz-kuriyelere\\server.js:6534:18)\n    at process.processTicksAndRejections (node:internal/process/task_queues:103:5)\n    at async Server.<anonymous> (C:\\Users\\LENOVO\\Desktop\\2026-04-19-kanka-paket-takip-uygulamas-yapacaz-kuriyelere\\server.js:9287:7)"}}
{"ts":"2026-06-20T06:40:16.824Z","level":"warn","message":"Request completed with client error","service":"delivera-express","endpoint":"/api/courier/refresh","method":"POST","requestId":"req_481wgtnl","statusCode":401,"elapsedMs":2}
{"ts":"2026-06-20T06:40:18.809Z","level":"warn","message":"Request completed with client error","service":"delivera-express","endpoint":"/api/courier/location","method":"PATCH","requestId":"req_sqlr988b","statusCode":401,"elapsedMs":1}
{"ts":"2026-06-20T06:40:18.811Z","level":"warn","message":"Request rejected","service":"delivera-express","endpoint":"/api/courier/refresh","method":"POST","requestId":"req_6f0shot7","statusCode":401,"error":{"name":"Error","message":"Refresh token gecersiz.","stack":"Error: Refresh token gecersiz.\n    at httpError (C:\\Users\\LENOVO\\Desktop\\2026-04-19-kanka-paket-takip-uygulamas-yapacaz-kuriyelere\\server.js:1234:17)\n    at refreshSessionPair (C:\\Users\\LENOVO\\Desktop\\2026-04-19-kanka-paket-takip-uygulamas-yapacaz-kuriyelere\\server.js:2195:11)\n    at handleApi (C:\\Users\\LENOVO\\Desktop\\2026-04-19-kanka-paket-takip-uygulamas-yapacaz-kuriyelere\\server.js:6534:18)\n    at process.processTicksAndRejections (node:internal/process/task_queues:103:5)\n    at async Server.<anonymous> (C:\\Users\\LENOVO\\Desktop\\2026-04-19-kanka-paket-takip-uygulamas-yapacaz-kuriyelere\\server.js:9287:7)"}}
{"ts":"2026-06-20T06:40:18.812Z","level":"warn","message":"Request completed with client error","service":"delivera-express","endpoint":"/api/courier/refresh","method":"POST","requestId":"req_6f0shot7","statusCode":401,"elapsedMs":1}
{"ts":"2026-06-20T06:40:20.807Z","level":"warn","message":"Request completed with client error","service":"delivera-express","endpoint":"/api/courier/location","method":"PATCH","requestId":"req_oiyviles","statusCode":401,"elapsedMs":1}
{"ts":"2026-06-20T06:40:20.810Z","level":"warn","message":"Request rejected","service":"delivera-express","endpoint":"/api/courier/refresh","method":"POST","requestId":"req_nx78lbdl","statusCode":401,"error":{"name":"Error","message":"Refresh token gecersiz.","stack":"Error: Refresh token gecersiz.\n    at httpError (C:\\Users\\LENOVO\\Desktop\\2026-04-19-kanka-paket-takip-uygulamas-yapacaz-kuriyelere\\server.js:1234:17)\n    at refreshSessionPair (C:\\Users\\LENOVO\\Desktop\\2026-04-19-kanka-paket-takip-uygulamas-yapacaz-kuriyelere\\server.js:2195:11)\n    at handleApi (C:\\Users\\LENOVO\\Desktop\\2026-04-19-kanka-paket-takip-uygulamas-yapacaz-kuriyelere\\server.js:6534:18)\n    at process.processTicksAndRejections (node:internal/process/task_queues:103:5)\n    at async Server.<anonymous> (C:\\Users\\LENOVO\\Desktop\\2026-04-19-kanka-paket-takip-uygulamas-yapacaz-kuriyelere\\server.js:9287:7)"}}
{"ts":"2026-06-20T06:40:20.811Z","level":"warn","message":"Request completed with client error","service":"delivera-express","endpoint":"/api/courier/refresh","method":"POST","requestId":"req_nx78lbdl","statusCode":401,"elapsedMs":1}
{"ts":"2026-06-20T06:40:22.812Z","level":"warn","message":"Request completed with client error","service":"delivera-express","endpoint":"/api/courier/location","method":"PATCH","requestId":"req_6latp3uh","statusCode":401,"elapsedMs":1}
{"ts":"2026-06-20T06:40:22.815Z","level":"warn","message":"Request rejected","service":"delivera-express","endpoint":"/api/courier/refresh","method":"POST","requestId":"req_lda8ayu9","statusCode":401,"error":{"name":"Error","message":"Refresh token gecersiz.","stack":"Error: Refresh token gecersiz.\n    at httpError (C:\\Users\\LENOVO\\Desktop\\2026-04-19-kanka-paket-takip-uygulamas-yapacaz-kuriyelere\\server.js:1234:17)\n    at refreshSessionPair (C:\\Users\\LENOVO\\Desktop\\2026-04-19-kanka-paket-takip-uygulamas-yapacaz-kuriyelere\\server.js:2195:11)\n    at handleApi (C:\\Users\\LENOVO\\Desktop\\2026-04-19-kanka-paket-takip-uygulamas-yapacaz-kuriyelere\\server.js:6534:18)\n    at process.processTicksAndRejections (node:internal/process/task_queues:103:5)\n    at async Server.<anonymous> (C:\\Users\\LENOVO\\Desktop\\2026-04-19-kanka-paket-takip-uygulamas-yapacaz-kuriyelere\\server.js:9287:7)"}}
{"ts":"2026-06-20T06:40:22.816Z","level":"warn","message":"Request completed with client error","service":"delivera-express","endpoint":"/api/courier/refresh","method":"POST","requestId":"req_lda8ayu9","statusCode":401,"elapsedMs":2}
{"ts":"2026-06-20T06:40:24.810Z","level":"warn","message":"Request completed with client error","service":"delivera-express","endpoint":"/api/courier/location","method":"PATCH","requestId":"req_611vzjl4","statusCode":401,"elapsedMs":1}
{"ts":"2026-06-20T06:40:24.813Z","level":"warn","message":"Request rejected","service":"delivera-express","endpoint":"/api/courier/refresh","method":"POST","requestId":"req_uyh6jeel","statusCode":401,"error":{"name":"Error","message":"Refresh token gecersiz.","stack":"Error: Refresh token gecersiz.\n    at httpError (C:\\Users\\LENOVO\\Desktop\\2026-04-19-kanka-paket-takip-uygulamas-yapacaz-kuriyelere\\server.js:1234:17)\n    at refreshSessionPair (C:\\Users\\LENOVO\\Desktop\\2026-04-19-kanka-paket-takip-uygulamas-yapacaz-kuriyelere\\server.js:2195:11)\n    at handleApi (C:\\Users\\LENOVO\\Desktop\\2026-04-19-kanka-paket-takip-uygulamas-yapacaz-kuriyelere\\server.js:6534:18)\n    at process.processTicksAndRejections (node:internal/process/task_queues:103:5)\n    at async Server.<anonymous> (C:\\Users\\LENOVO\\Desktop\\2026-04-19-kanka-paket-takip-uygulamas-yapacaz-kuriyelere\\server.js:9287:7)"}}
{"ts":"2026-06-20T06:40:24.814Z","level":"warn","message":"Request completed with client error","service":"delivera-express","endpoint":"/api/courier/refresh","method":"POST","requestId":"req_uyh6jeel","statusCode":401,"elapsedMs":2}
{"ts":"2026-06-20T06:40:25.852Z","level":"warn","message":"Request completed with client error","service":"delivera-express","endpoint":"/api/courier/me","method":"GET","requestId":"req_gl64lpk3","statusCode":401,"elapsedMs":1}
{"ts":"2026-06-20T06:40:25.854Z","level":"warn","message":"Request rejected","service":"delivera-express","endpoint":"/api/courier/refresh","method":"POST","requestId":"req_6g1b9zkp","statusCode":401,"error":{"name":"Error","message":"Refresh token gecersiz.","stack":"Error: Refresh token gecersiz.\n    at httpError (C:\\Users\\LENOVO\\Desktop\\2026-04-19-kanka-paket-takip-uygulamas-yapacaz-kuriyelere\\server.js:1234:17)\n    at refreshSessionPair (C:\\Users\\LENOVO\\Desktop\\2026-04-19-kanka-paket-takip-uygulamas-yapacaz-kuriyelere\\server.js:2195:11)\n    at handleApi (C:\\Users\\LENOVO\\Desktop\\2026-04-19-kanka-paket-takip-uygulamas-yapacaz-kuriyelere\\server.js:6534:18)\n    at process.processTicksAndRejections (node:internal/process/task_queues:103:5)\n    at async Server.<anonymous> (C:\\Users\\LENOVO\\Desktop\\2026-04-19-kanka-paket-takip-uygulamas-yapacaz-kuriyelere\\server.js:9287:7)"}}
{"ts":"2026-06-20T06:40:25.856Z","level":"warn","message":"Request completed with client error","service":"delivera-express","endpoint":"/api/courier/refresh","method":"POST","requestId":"req_6g1b9zkp","statusCode":401,"elapsedMs":2}
{"ts":"2026-06-20T06:40:26.818Z","level":"warn","message":"Request completed with client error","service":"delivera-express","endpoint":"/api/courier/location","method":"PATCH","requestId":"req_njwvtgz6","statusCode":401,"elapsedMs":0}
{"ts":"2026-06-20T06:40:26.822Z","level":"warn","message":"Request rejected","service":"delivera-express","endpoint":"/api/courier/refresh","method":"POST","requestId":"req_z8u46jtk","statusCode":401,"error":{"name":"Error","message":"Refresh token gecersiz.","stack":"Error: Refresh token gecersiz.\n    at httpError (C:\\Users\\LENOVO\\Desktop\\2026-04-19-kanka-paket-takip-uygulamas-yapacaz-kuriyelere\\server.js:1234:17)\n    at refreshSessionPair (C:\\Users\\LENOVO\\Desktop\\2026-04-19-kanka-paket-takip-uygulamas-yapacaz-kuriyelere\\server.js:2195:11)\n    at handleApi (C:\\Users\\LENOVO\\Desktop\\2026-04-19-kanka-paket-takip-uygulamas-yapacaz-kuriyelere\\server.js:6534:18)\n    at process.processTicksAndRejections (node:internal/process/task_queues:103:5)\n    at async Server.<anonymous> (C:\\Users\\LENOVO\\Desktop\\2026-04-19-kanka-paket-takip-uygulamas-yapacaz-kuriyelere\\server.js:9287:7)"}}
{"ts":"2026-06-20T06:40:26.823Z","level":"warn","message":"Request completed with client error","service":"delivera-express","endpoint":"/api/courier/refresh","method":"POST","requestId":"req_z8u46jtk","statusCode":401,"elapsedMs":1}
{"ts":"2026-06-20T06:40:28.811Z","level":"warn","message":"Request completed with client error","service":"delivera-express","endpoint":"/api/courier/location","method":"PATCH","requestId":"req_dxzw15yd","statusCode":401,"elapsedMs":1}
{"ts":"2026-06-20T06:40:28.814Z","level":"warn","message":"Request rejected","service":"delivera-express","endpoint":"/api/courier/refresh","method":"POST","requestId":"req_7yfs0r0v","statusCode":401,"error":{"name":"Error","message":"Refresh token gecersiz.","stack":"Error: Refresh token gecersiz.\n    at httpError (C:\\Users\\LENOVO\\Desktop\\2026-04-19-kanka-paket-takip-uygulamas-yapacaz-kuriyelere\\server.js:1234:17)\n    at refreshSessionPair (C:\\Users\\LENOVO\\Desktop\\2026-04-19-kanka-paket-takip-uygulamas-yapacaz-kuriyelere\\server.js:2195:11)\n    at handleApi (C:\\Users\\LENOVO\\Desktop\\2026-04-19-kanka-paket-takip-uygulamas-yapacaz-kuriyelere\\server.js:6534:18)\n    at process.processTicksAndRejections (node:internal/process/task_queues:103:5)\n    at async Server.<anonymous> (C:\\Users\\LENOVO\\Desktop\\2026-04-19-kanka-paket-takip-uygulamas-yapacaz-kuriyelere\\server.js:9287:7)"}}
{"ts":"2026-06-20T06:40:28.815Z","level":"warn","message":"Request completed with client error","service":"delivera-express","endpoint":"/api/courier/refresh","method":"POST","requestId":"req_7yfs0r0v","statusCode":401,"elapsedMs":2}
{"ts":"2026-06-20T06:40:30.809Z","level":"warn","message":"Request completed with client error","service":"delivera-express","endpoint":"/api/courier/location","method":"PATCH","requestId":"req_uwyicd70","statusCode":401,"elapsedMs":1}
{"ts":"2026-06-20T06:40:30.813Z","level":"warn","message":"Request rejected","service":"delivera-express","endpoint":"/api/courier/refresh","method":"POST","requestId":"req_hkzrsdv5","statusCode":401,"error":{"name":"Error","message":"Refresh token gecersiz.","stack":"Error: Refresh token gecersiz.\n    at httpError (C:\\Users\\LENOVO\\Desktop\\2026-04-19-kanka-paket-takip-uygulamas-yapacaz-kuriyelere\\server.js:1234:17)\n    at refreshSessionPair (C:\\Users\\LENOVO\\Desktop\\2026-04-19-kanka-paket-takip-uygulamas-yapacaz-kuriyelere\\server.js:2195:11)\n    at handleApi (C:\\Users\\LENOVO\\Desktop\\2026-04-19-kanka-paket-takip-uygulamas-yapacaz-kuriyelere\\server.js:6534:18)\n    at process.processTicksAndRejections (node:internal/process/task_queues:103:5)\n    at async Server.<anonymous> (C:\\Users\\LENOVO\\Desktop\\2026-04-19-kanka-paket-takip-uygulamas-yapacaz-kuriyelere\\server.js:9287:7)"}}
{"ts":"2026-06-20T06:40:30.815Z","level":"warn","message":"Request completed with client error","service":"delivera-express","endpoint":"/api/courier/refresh","method":"POST","requestId":"req_hkzrsdv5","statusCode":401,"elapsedMs":3}
{"ts":"2026-06-20T06:40:32.810Z","level":"warn","message":"Request completed with client error","service":"delivera-express","endpoint":"/api/courier/location","method":"PATCH","requestId":"req_xy6ppxzy","statusCode":401,"elapsedMs":1}
{"ts":"2026-06-20T06:40:32.812Z","level":"warn","message":"Request rejected","service":"delivera-express","endpoint":"/api/courier/refresh","method":"POST","requestId":"req_ub2v0e97","statusCode":401,"error":{"name":"Error","message":"Refresh token gecersiz.","stack":"Error: Refresh token gecersiz.\n    at httpError (C:\\Users\\LENOVO\\Desktop\\2026-04-19-kanka-paket-takip-uygulamas-yapacaz-kuriyelere\\server.js:1234:17)\n    at refreshSessionPair (C:\\Users\\LENOVO\\Desktop\\2026-04-19-kanka-paket-takip-uygulamas-yapacaz-kuriyelere\\server.js:2195:11)\n    at handleApi (C:\\Users\\LENOVO\\Desktop\\2026-04-19-kanka-paket-takip-uygulamas-yapacaz-kuriyelere\\server.js:6534:18)\n    at process.processTicksAndRejections (node:internal/process/task_queues:103:5)\n    at async Server.<anonymous> (C:\\Users\\LENOVO\\Desktop\\2026-04-19-kanka-paket-takip-uygulamas-yapacaz-kuriyelere\\server.js:9287:7)"}}
{"ts":"2026-06-20T06:40:32.814Z","level":"warn","message":"Request completed with client error","service":"delivera-express","endpoint":"/api/courier/refresh","method":"POST","requestId":"req_ub2v0e97","statusCode":401,"elapsedMs":2}
{"ts":"2026-06-20T06:40:34.805Z","level":"warn","message":"Request completed with client error","service":"delivera-express","endpoint":"/api/courier/location","method":"PATCH","requestId":"req_htrb58rc","statusCode":401,"elapsedMs":1}
{"ts":"2026-06-20T06:40:34.808Z","level":"warn","message":"Request rejected","service":"delivera-express","endpoint":"/api/courier/refresh","method":"POST","requestId":"req_wat566pj","statusCode":401,"error":{"name":"Error","message":"Refresh token gecersiz.","stack":"Error: Refresh token gecersiz.\n    at httpError (C:\\Users\\LENOVO\\Desktop\\2026-04-19-kanka-paket-takip-uygulamas-yapacaz-kuriyelere\\server.js:1234:17)\n    at refreshSessionPair (C:\\Users\\LENOVO\\Desktop\\2026-04-19-kanka-paket-takip-uygulamas-yapacaz-kuriyelere\\server.js:2195:11)\n    at handleApi (C:\\Users\\LENOVO\\Desktop\\2026-04-19-kanka-paket-takip-uygulamas-yapacaz-kuriyelere\\server.js:6534:18)\n    at process.processTicksAndRejections (node:internal/process/task_queues:103:5)\n    at async Server.<anonymous> (C:\\Users\\LENOVO\\Desktop\\2026-04-19-kanka-paket-takip-uygulamas-yapacaz-kuriyelere\\server.js:9287:7)"}}
{"ts":"2026-06-20T06:40:34.809Z","level":"warn","message":"Request completed with client error","service":"delivera-express","endpoint":"/api/courier/refresh","method":"POST","requestId":"req_wat566pj","statusCode":401,"elapsedMs":2}
{"ts":"2026-06-20T06:40:36.811Z","level":"warn","message":"Request completed with client error","service":"delivera-express","endpoint":"/api/courier/location","method":"PATCH","requestId":"req_tzfsb1zi","statusCode":401,"elapsedMs":1}
{"ts":"2026-06-20T06:40:36.814Z","level":"warn","message":"Request rejected","service":"delivera-express","endpoint":"/api/courier/refresh","method":"POST","requestId":"req_w71h23k7","statusCode":401,"error":{"name":"Error","message":"Refresh token gecersiz.","stack":"Error: Refresh token gecersiz.\n    at httpError (C:\\Users\\LENOVO\\Desktop\\2026-04-19-kanka-paket-takip-uygulamas-yapacaz-kuriyelere\\server.js:1234:17)\n    at refreshSessionPair (C:\\Users\\LENOVO\\Desktop\\2026-04-19-kanka-paket-takip-uygulamas-yapacaz-kuriyelere\\server.js:2195:11)\n    at handleApi (C:\\Users\\LENOVO\\Desktop\\2026-04-19-kanka-paket-takip-uygulamas-yapacaz-kuriyelere\\server.js:6534:18)\n    at process.processTicksAndRejections (node:internal/process/task_queues:103:5)\n    at async Server.<anonymous> (C:\\Users\\LENOVO\\Desktop\\2026-04-19-kanka-paket-takip-uygulamas-yapacaz-kuriyelere\\server.js:9287:7)"}}
{"ts":"2026-06-20T06:40:36.815Z","level":"warn","message":"Request completed with client error","service":"delivera-express","endpoint":"/api/courier/refresh","method":"POST","requestId":"req_w71h23k7","statusCode":401,"elapsedMs":2}
{"ts":"2026-06-20T06:40:37.850Z","level":"warn","message":"Request completed with client error","service":"delivera-express","endpoint":"/api/courier/me","method":"GET","requestId":"req_b0j2jort","statusCode":401,"elapsedMs":0}
{"ts":"2026-06-20T06:40:37.853Z","level":"warn","message":"Request rejected","service":"delivera-express","endpoint":"/api/courier/refresh","method":"POST","requestId":"req_gw0gppsa","statusCode":401,"error":{"name":"Error","message":"Refresh token gecersiz.","stack":"Error: Refresh token gecersiz.\n    at httpError (C:\\Users\\LENOVO\\Desktop\\2026-04-19-kanka-paket-takip-uygulamas-yapacaz-kuriyelere\\server.js:1234:17)\n    at refreshSessionPair (C:\\Users\\LENOVO\\Desktop\\2026-04-19-kanka-paket-takip-uygulamas-yapacaz-kuriyelere\\server.js:2195:11)\n    at handleApi (C:\\Users\\LENOVO\\Desktop\\2026-04-19-kanka-paket-takip-uygulamas-yapacaz-kuriyelere\\server.js:6534:18)\n    at process.processTicksAndRejections (node:internal/process/task_queues:103:5)\n    at async Server.<anonymous> (C:\\Users\\LENOVO\\Desktop\\2026-04-19-kanka-paket-takip-uygulamas-yapacaz-kuriyelere\\server.js:9287:7)"}}
{"ts":"2026-06-20T06:40:37.854Z","level":"warn","message":"Request completed with client error","service":"delivera-express","endpoint":"/api/courier/refresh","method":"POST","requestId":"req_gw0gppsa","statusCode":401,"elapsedMs":2}
{"ts":"2026-06-20T06:40:38.807Z","level":"warn","message":"Request completed with client error","service":"delivera-express","endpoint":"/api/courier/location","method":"PATCH","requestId":"req_tac6c38p","statusCode":401,"elapsedMs":0}
{"ts":"2026-06-20T06:40:38.810Z","level":"warn","message":"Request rejected","service":"delivera-express","endpoint":"/api/courier/refresh","method":"POST","requestId":"req_qwmia9d4","statusCode":401,"error":{"name":"Error","message":"Refresh token gecersiz.","stack":"Error: Refresh token gecersiz.\n    at httpError (C:\\Users\\LENOVO\\Desktop\\2026-04-19-kanka-paket-takip-uygulamas-yapacaz-kuriyelere\\server.js:1234:17)\n    at refreshSessionPair (C:\\Users\\LENOVO\\Desktop\\2026-04-19-kanka-paket-takip-uygulamas-yapacaz-kuriyelere\\server.js:2195:11)\n    at handleApi (C:\\Users\\LENOVO\\Desktop\\2026-04-19-kanka-paket-takip-uygulamas-yapacaz-kuriyelere\\server.js:6534:18)\n    at process.processTicksAndRejections (node:internal/process/task_queues:103:5)\n    at async Server.<anonymous> (C:\\Users\\LENOVO\\Desktop\\2026-04-19-kanka-paket-takip-uygulamas-yapacaz-kuriyelere\\server.js:9287:7)"}}
{"ts":"2026-06-20T06:40:38.811Z","level":"warn","message":"Request completed with client error","service":"delivera-express","endpoint":"/api/courier/refresh","method":"POST","requestId":"req_qwmia9d4","statusCode":401,"elapsedMs":1}
{"ts":"2026-06-20T06:40:40.809Z","level":"warn","message":"Request completed with client error","service":"delivera-express","endpoint":"/api/courier/location","method":"PATCH","requestId":"req_8fva8lk4","statusCode":401,"elapsedMs":1}
{"ts":"2026-06-20T06:40:40.811Z","level":"warn","message":"Request rejected","service":"delivera-express","endpoint":"/api/courier/refresh","method":"POST","requestId":"req_u8vupwpu","statusCode":401,"error":{"name":"Error","message":"Refresh token gecersiz.","stack":"Error: Refresh token gecersiz.\n    at httpError (C:\\Users\\LENOVO\\Desktop\\2026-04-19-kanka-paket-takip-uygulamas-yapacaz-kuriyelere\\server.js:1234:17)\n    at refreshSessionPair (C:\\Users\\LENOVO\\Desktop\\2026-04-19-kanka-paket-takip-uygulamas-yapacaz-kuriyelere\\server.js:2195:11)\n    at handleApi (C:\\Users\\LENOVO\\Desktop\\2026-04-19-kanka-paket-takip-uygulamas-yapacaz-kuriyelere\\server.js:6534:18)\n    at process.processTicksAndRejections (node:internal/process/task_queues:103:5)\n    at async Server.<anonymous> (C:\\Users\\LENOVO\\Desktop\\2026-04-19-kanka-paket-takip-uygulamas-yapacaz-kuriyelere\\server.js:9287:7)"}}
{"ts":"2026-06-20T06:40:40.812Z","level":"warn","message":"Request completed with client error","service":"delivera-express","endpoint":"/api/courier/refresh","method":"POST","requestId":"req_u8vupwpu","statusCode":401,"elapsedMs":1}
{"ts":"2026-06-20T06:40:41.423Z","level":"warn","message":"Request completed with client error","service":"delivera-express","endpoint":"/api/courier/location","method":"PATCH","requestId":"req_16b0m8a8","statusCode":401,"elapsedMs":1}
{"ts":"2026-06-20T06:40:41.426Z","level":"warn","message":"Request rejected","service":"delivera-express","endpoint":"/api/courier/refresh","method":"POST","requestId":"req_56vykq87","statusCode":401,"error":{"name":"Error","message":"Refresh token gecersiz.","stack":"Error: Refresh token gecersiz.\n    at httpError (C:\\Users\\LENOVO\\Desktop\\2026-04-19-kanka-paket-takip-uygulamas-yapacaz-kuriyelere\\server.js:1234:17)\n    at refreshSessionPair (C:\\Users\\LENOVO\\Desktop\\2026-04-19-kanka-paket-takip-uygulamas-yapacaz-kuriyelere\\server.js:2195:11)\n    at handleApi (C:\\Users\\LENOVO\\Desktop\\2026-04-19-kanka-paket-takip-uygulamas-yapacaz-kuriyelere\\server.js:6534:18)\n    at process.processTicksAndRejections (node:internal/process/task_queues:103:5)\n    at async Server.<anonymous> (C:\\Users\\LENOVO\\Desktop\\2026-04-19-kanka-paket-takip-uygulamas-yapacaz-kuriyelere\\server.js:9287:7)"}}
{"ts":"2026-06-20T06:40:41.427Z","level":"warn","message":"Request completed with client error","service":"delivera-express","endpoint":"/api/courier/refresh","method":"POST","requestId":"req_56vykq87","statusCode":401,"elapsedMs":2}
{"ts":"2026-06-20T06:40:42.812Z","level":"warn","message":"Request completed with client error","service":"delivera-express","endpoint":"/api/courier/location","method":"PATCH","requestId":"req_201896a7","statusCode":401,"elapsedMs":1}
{"ts":"2026-06-20T06:40:42.814Z","level":"warn","message":"Request rejected","service":"delivera-express","endpoint":"/api/courier/refresh","method":"POST","requestId":"req_277o61hr","statusCode":401,"error":{"name":"Error","message":"Refresh token gecersiz.","stack":"Error: Refresh token gecersiz.\n    at httpError (C:\\Users\\LENOVO\\Desktop\\2026-04-19-kanka-paket-takip-uygulamas-yapacaz-kuriyelere\\server.js:1234:17)\n    at refreshSessionPair (C:\\Users\\LENOVO\\Desktop\\2026-04-19-kanka-paket-takip-uygulamas-yapacaz-kuriyelere\\server.js:2195:11)\n    at handleApi (C:\\Users\\LENOVO\\Desktop\\2026-04-19-kanka-paket-takip-uygulamas-yapacaz-kuriyelere\\server.js:6534:18)\n    at process.processTicksAndRejections (node:internal/process/task_queues:103:5)\n    at async Server.<anonymous> (C:\\Users\\LENOVO\\Desktop\\2026-04-19-kanka-paket-takip-uygulamas-yapacaz-kuriyelere\\server.js:9287:7)"}}
{"ts":"2026-06-20T06:40:42.816Z","level":"warn","message":"Request completed with client error","service":"delivera-express","endpoint":"/api/courier/refresh","method":"POST","requestId":"req_277o61hr","statusCode":401,"elapsedMs":2}
{"ts":"2026-06-20T06:40:44.802Z","level":"warn","message":"Request completed with client error","service":"delivera-express","endpoint":"/api/courier/location","method":"PATCH","requestId":"req_ty7chruz","statusCode":401,"elapsedMs":1}
{"ts":"2026-06-20T06:40:44.808Z","level":"warn","message":"Request rejected","service":"delivera-express","endpoint":"/api/courier/refresh","method":"POST","requestId":"req_a4mes76y","statusCode":401,"error":{"name":"Error","message":"Refresh token gecersiz.","stack":"Error: Refresh token gecersiz.\n    at httpError (C:\\Users\\LENOVO\\Desktop\\2026-04-19-kanka-paket-takip-uygulamas-yapacaz-kuriyelere\\server.js:1234:17)\n    at refreshSessionPair (C:\\Users\\LENOVO\\Desktop\\2026-04-19-kanka-paket-takip-uygulamas-yapacaz-kuriyelere\\server.js:2195:11)\n    at handleApi (C:\\Users\\LENOVO\\Desktop\\2026-04-19-kanka-paket-takip-uygulamas-yapacaz-kuriyelere\\server.js:6534:18)\n    at process.processTicksAndRejections (node:internal/process/task_queues:103:5)\n    at async Server.<anonymous> (C:\\Users\\LENOVO\\Desktop\\2026-04-19-kanka-paket-takip-uygulamas-yapacaz-kuriyelere\\server.js:9287:7)"}}
{"ts":"2026-06-20T06:40:44.814Z","level":"warn","message":"Request completed with client error","service":"delivera-express","endpoint":"/api/courier/refresh","method":"POST","requestId":"req_a4mes76y","statusCode":401,"elapsedMs":8}
{"ts":"2026-06-20T06:40:46.802Z","level":"warn","message":"Request completed with client error","service":"delivera-express","endpoint":"/api/courier/location","method":"PATCH","requestId":"req_lc5r1sfz","statusCode":401,"elapsedMs":1}
{"ts":"2026-06-20T06:40:46.805Z","level":"warn","message":"Request rejected","service":"delivera-express","endpoint":"/api/courier/refresh","method":"POST","requestId":"req_z2evc2pg","statusCode":401,"error":{"name":"Error","message":"Refresh token gecersiz.","stack":"Error: Refresh token gecersiz.\n    at httpError (C:\\Users\\LENOVO\\Desktop\\2026-04-19-kanka-paket-takip-uygulamas-yapacaz-kuriyelere\\server.js:1234:17)\n    at refreshSessionPair (C:\\Users\\LENOVO\\Desktop\\2026-04-19-kanka-paket-takip-uygulamas-yapacaz-kuriyelere\\server.js:2195:11)\n    at handleApi (C:\\Users\\LENOVO\\Desktop\\2026-04-19-kanka-paket-takip-uygulamas-yapacaz-kuriyelere\\server.js:6534:18)\n    at process.processTicksAndRejections (node:internal/process/task_queues:103:5)\n    at async Server.<anonymous> (C:\\Users\\LENOVO\\Desktop\\2026-04-19-kanka-paket-takip-uygulamas-yapacaz-kuriyelere\\server.js:9287:7)"}}
{"ts":"2026-06-20T06:40:46.807Z","level":"warn","message":"Request completed with client error","service":"delivera-express","endpoint":"/api/courier/refresh","method":"POST","requestId":"req_z2evc2pg","statusCode":401,"elapsedMs":2}
{"ts":"2026-06-20T06:40:48.802Z","level":"warn","message":"Request completed with client error","service":"delivera-express","endpoint":"/api/courier/location","method":"PATCH","requestId":"req_pbvow4ls","statusCode":401,"elapsedMs":1}
{"ts":"2026-06-20T06:40:48.805Z","level":"warn","message":"Request rejected","service":"delivera-express","endpoint":"/api/courier/refresh","method":"POST","requestId":"req_193ve0op","statusCode":401,"error":{"name":"Error","message":"Refresh token gecersiz.","stack":"Error: Refresh token gecersiz.\n    at httpError (C:\\Users\\LENOVO\\Desktop\\2026-04-19-kanka-paket-takip-uygulamas-yapacaz-kuriyelere\\server.js:1234:17)\n    at refreshSessionPair (C:\\Users\\LENOVO\\Desktop\\2026-04-19-kanka-paket-takip-uygulamas-yapacaz-kuriyelere\\server.js:2195:11)\n    at handleApi (C:\\Users\\LENOVO\\Desktop\\2026-04-19-kanka-paket-takip-uygulamas-yapacaz-kuriyelere\\server.js:6534:18)\n    at process.processTicksAndRejections (node:internal/process/task_queues:103:5)\n    at async Server.<anonymous> (C:\\Users\\LENOVO\\Desktop\\2026-04-19-kanka-paket-takip-uygulamas-yapacaz-kuriyelere\\server.js:9287:7)"}}
{"ts":"2026-06-20T06:40:48.807Z","level":"warn","message":"Request completed with client error","service":"delivera-express","endpoint":"/api/courier/refresh","method":"POST","requestId":"req_193ve0op","statusCode":401,"elapsedMs":2}
{"ts":"2026-06-20T06:40:49.845Z","level":"warn","message":"Request completed with client error","service":"delivera-express","endpoint":"/api/courier/me","method":"GET","requestId":"req_qpilvl3h","statusCode":401,"elapsedMs":1}
{"ts":"2026-06-20T06:40:49.848Z","level":"warn","message":"Request rejected","service":"delivera-express","endpoint":"/api/courier/refresh","method":"POST","requestId":"req_6cu9f6jz","statusCode":401,"error":{"name":"Error","message":"Refresh token gecersiz.","stack":"Error: Refresh token gecersiz.\n    at httpError (C:\\Users\\LENOVO\\Desktop\\2026-04-19-kanka-paket-takip-uygulamas-yapacaz-kuriyelere\\server.js:1234:17)\n    at refreshSessionPair (C:\\Users\\LENOVO\\Desktop\\2026-04-19-kanka-paket-takip-uygulamas-yapacaz-kuriyelere\\server.js:2195:11)\n    at handleApi (C:\\Users\\LENOVO\\Desktop\\2026-04-19-kanka-paket-takip-uygulamas-yapacaz-kuriyelere\\server.js:6534:18)\n    at process.processTicksAndRejections (node:internal/process/task_queues:103:5)\n    at async Server.<anonymous> (C:\\Users\\LENOVO\\Desktop\\2026-04-19-kanka-paket-takip-uygulamas-yapacaz-kuriyelere\\server.js:9287:7)"}}
{"ts":"2026-06-20T06:40:49.849Z","level":"warn","message":"Request completed with client error","service":"delivera-express","endpoint":"/api/courier/refresh","method":"POST","requestId":"req_6cu9f6jz","statusCode":401,"elapsedMs":2}
{"ts":"2026-06-20T06:40:50.802Z","level":"warn","message":"Request completed with client error","service":"delivera-express","endpoint":"/api/courier/location","method":"PATCH","requestId":"req_12n5syko","statusCode":401,"elapsedMs":1}
{"ts":"2026-06-20T06:40:50.805Z","level":"warn","message":"Request rejected","service":"delivera-express","endpoint":"/api/courier/refresh","method":"POST","requestId":"req_2zu49zzb","statusCode":401,"error":{"name":"Error","message":"Refresh token gecersiz.","stack":"Error: Refresh token gecersiz.\n    at httpError (C:\\Users\\LENOVO\\Desktop\\2026-04-19-kanka-paket-takip-uygulamas-yapacaz-kuriyelere\\server.js:1234:17)\n    at refreshSessionPair (C:\\Users\\LENOVO\\Desktop\\2026-04-19-kanka-paket-takip-uygulamas-yapacaz-kuriyelere\\server.js:2195:11)\n    at handleApi (C:\\Users\\LENOVO\\Desktop\\2026-04-19-kanka-paket-takip-uygulamas-yapacaz-kuriyelere\\server.js:6534:18)\n    at process.processTicksAndRejections (node:internal/process/task_queues:103:5)\n    at async Server.<anonymous> (C:\\Users\\LENOVO\\Desktop\\2026-04-19-kanka-paket-takip-uygulamas-yapacaz-kuriyelere\\server.js:9287:7)"}}
{"ts":"2026-06-20T06:40:50.806Z","level":"warn","message":"Request completed with client error","service":"delivera-express","endpoint":"/api/courier/refresh","method":"POST","requestId":"req_2zu49zzb","statusCode":401,"elapsedMs":2}
{"ts":"2026-06-20T06:40:52.802Z","level":"warn","message":"Request completed with client error","service":"delivera-express","endpoint":"/api/courier/location","method":"PATCH","requestId":"req_zsfcwx71","statusCode":401,"elapsedMs":1}
{"ts":"2026-06-20T06:40:52.805Z","level":"warn","message":"Request rejected","service":"delivera-express","endpoint":"/api/courier/refresh","method":"POST","requestId":"req_48x1bdwj","statusCode":401,"error":{"name":"Error","message":"Refresh token gecersiz.","stack":"Error: Refresh token gecersiz.\n    at httpError (C:\\Users\\LENOVO\\Desktop\\2026-04-19-kanka-paket-takip-uygulamas-yapacaz-kuriyelere\\server.js:1234:17)\n    at refreshSessionPair (C:\\Users\\LENOVO\\Desktop\\2026-04-19-kanka-paket-takip-uygulamas-yapacaz-kuriyelere\\server.js:2195:11)\n    at handleApi (C:\\Users\\LENOVO\\Desktop\\2026-04-19-kanka-paket-takip-uygulamas-yapacaz-kuriyelere\\server.js:6534:18)\n    at process.processTicksAndRejections (node:internal/process/task_queues:103:5)\n    at async Server.<anonymous> (C:\\Users\\LENOVO\\Desktop\\2026-04-19-kanka-paket-takip-uygulamas-yapacaz-kuriyelere\\server.js:9287:7)"}}
{"ts":"2026-06-20T06:40:52.807Z","level":"warn","message":"Request completed with client error","service":"delivera-express","endpoint":"/api/courier/refresh","method":"POST","requestId":"req_48x1bdwj","statusCode":401,"elapsedMs":1}
{"ts":"2026-06-20T06:40:53.089Z","level":"warn","message":"Request completed with client error","service":"delivera-express","endpoint":"/api/courier/location","method":"PATCH","requestId":"req_pqahgbwy","statusCode":401,"elapsedMs":1}
{"ts":"2026-06-20T06:40:53.091Z","level":"warn","message":"Request rejected","service":"delivera-express","endpoint":"/api/courier/refresh","method":"POST","requestId":"req_p2krjjk0","statusCode":401,"error":{"name":"Error","message":"Refresh token gecersiz.","stack":"Error: Refresh token gecersiz.\n    at httpError (C:\\Users\\LENOVO\\Desktop\\2026-04-19-kanka-paket-takip-uygulamas-yapacaz-kuriyelere\\server.js:1234:17)\n    at refreshSessionPair (C:\\Users\\LENOVO\\Desktop\\2026-04-19-kanka-paket-takip-uygulamas-yapacaz-kuriyelere\\server.js:2195:11)\n    at handleApi (C:\\Users\\LENOVO\\Desktop\\2026-04-19-kanka-paket-takip-uygulamas-yapacaz-kuriyelere\\server.js:6534:18)\n    at process.processTicksAndRejections (node:internal/process/task_queues:103:5)\n    at async Server.<anonymous> (C:\\Users\\LENOVO\\Desktop\\2026-04-19-kanka-paket-takip-uygulamas-yapacaz-kuriyelere\\server.js:9287:7)"}}
{"ts":"2026-06-20T06:40:53.092Z","level":"warn","message":"Request completed with client error","service":"delivera-express","endpoint":"/api/courier/refresh","method":"POST","requestId":"req_p2krjjk0","statusCode":401,"elapsedMs":1}
{"ts":"2026-06-20T06:40:54.802Z","level":"warn","message":"Request completed with client error","service":"delivera-express","endpoint":"/api/courier/location","method":"PATCH","requestId":"req_kt32oe59","statusCode":401,"elapsedMs":1}
{"ts":"2026-06-20T06:40:54.806Z","level":"warn","message":"Request rejected","service":"delivera-express","endpoint":"/api/courier/refresh","method":"POST","requestId":"req_hfu3ecxo","statusCode":401,"error":{"name":"Error","message":"Refresh token gecersiz.","stack":"Error: Refresh token gecersiz.\n    at httpError (C:\\Users\\LENOVO\\Desktop\\2026-04-19-kanka-paket-takip-uygulamas-yapacaz-kuriyelere\\server.js:1234:17)\n    at refreshSessionPair (C:\\Users\\LENOVO\\Desktop\\2026-04-19-kanka-paket-takip-uygulamas-yapacaz-kuriyelere\\server.js:2195:11)\n    at handleApi (C:\\Users\\LENOVO\\Desktop\\2026-04-19-kanka-paket-takip-uygulamas-yapacaz-kuriyelere\\server.js:6534:18)\n    at process.processTicksAndRejections (node:internal/process/task_queues:103:5)\n    at async Server.<anonymous> (C:\\Users\\LENOVO\\Desktop\\2026-04-19-kanka-paket-takip-uygulamas-yapacaz-kuriyelere\\server.js:9287:7)"}}
{"ts":"2026-06-20T06:40:54.806Z","level":"warn","message":"Request completed with client error","service":"delivera-express","endpoint":"/api/courier/refresh","method":"POST","requestId":"req_hfu3ecxo","statusCode":401,"elapsedMs":1}
{"ts":"2026-06-20T07:13:29.618Z","level":"info","message":"Database migrations checked","service":"delivera-express","database":"C:\\Users\\LENOVO\\AppData\\Local\\Temp\\delivera-smoke-DB6a2U\\delivera.sqlite","applied":0,"skipped":3}
{"ts":"2026-06-20T07:13:29.666Z","level":"info","message":"Platform polling disabled; webhook flow is active.","service":"delivera-express"}
{"ts":"2026-06-20T07:13:29.667Z","level":"info","message":"Polling skipped because global disabled","service":"delivera-express"}
{"ts":"2026-06-20T07:13:29.671Z","level":"info","message":"Delivera Express ready","service":"delivera-express","url":"http://localhost:3210","port":3210}
{"ts":"2026-06-20T07:13:29.765Z","level":"warn","message":"Request completed with client error","service":"delivera-express","endpoint":"/api/admin/login","method":"POST","requestId":"req_k3ny0978","statusCode":401,"elapsedMs":1}
{"ts":"2026-06-20T07:13:29.768Z","level":"warn","message":"Request completed with client error","service":"delivera-express","endpoint":"/api/admin/login","method":"POST","requestId":"req_slk3rn8q","statusCode":401,"elapsedMs":1}
{"ts":"2026-06-20T07:13:29.770Z","level":"warn","message":"Request completed with client error","service":"delivera-express","endpoint":"/api/admin/login","method":"POST","requestId":"req_tr1cvt63","statusCode":401,"elapsedMs":1}
{"ts":"2026-06-20T07:13:29.772Z","level":"warn","message":"Request completed with client error","service":"delivera-express","endpoint":"/api/admin/login","method":"POST","requestId":"req_j6g1ygwe","statusCode":401,"elapsedMs":0}
{"ts":"2026-06-20T07:13:29.775Z","level":"warn","message":"Request completed with client error","service":"delivera-express","endpoint":"/api/admin/login","method":"POST","requestId":"req_t36flv6k","statusCode":401,"elapsedMs":1}
{"ts":"2026-06-20T07:13:29.777Z","level":"warn","message":"Rate limit exceeded","service":"delivera-express","scope":"adminLogin","ip":"10.200.10.10","retryAfter":60,"requestId":"req_7fjd5no6","store":"memory"}
{"ts":"2026-06-20T07:13:29.778Z","level":"warn","message":"Request completed with client error","service":"delivera-express","endpoint":"/api/admin/login","method":"POST","requestId":"req_7fjd5no6","statusCode":429,"elapsedMs":2}
{"ts":"2026-06-20T07:13:29.868Z","level":"info","message":"Platform account saved","service":"delivera-express","restaurantId":"rst_l4pca0pz","platform":"Yemeksepeti","externalStoreId":"vendor-1781939609862","active":true,"webhookEnabled":true,"pollingEnabled":true,"secretConfigured":true,"mode":"webhook"}
{"ts":"2026-06-20T07:13:29.869Z","level":"info","message":"Platform account saved","service":"delivera-express","restaurantId":"rst_l4pca0pz","platform":"Yemeksepeti","externalStoreId":"vendor-1781939609862","webhookEnabled":true,"pollingEnabled":true,"active":true}
{"ts":"2026-06-20T07:13:30.108Z","level":"info","message":"Assignment success","service":"delivera-express","packageId":"pkg_aavbrk4g","courierId":"cr_51giw8wm","courierStatus":"online","distanceKm":0.007}
{"ts":"2026-06-20T07:13:30.126Z","level":"info","message":"Assignment success","service":"delivera-express","packageId":"pkg_8e3v0ugx","courierId":"cr_hme7fb84","courierStatus":"online","distanceKm":0.021}
{"ts":"2026-06-20T07:13:30.158Z","level":"info","message":"Webhook received","service":"delivera-express","platform":"yemeksepeti","platformRestaurantId":"vendor-1781939609862","orderId":"YS-WRONG-1781939610158","requestId":"req_oiwdi6r5"}
{"ts":"2026-06-20T07:13:30.164Z","level":"warn","message":"Request completed with client error","service":"delivera-express","endpoint":"/api/platform/order","method":"POST","requestId":"req_oiwdi6r5","statusCode":401,"elapsedMs":6}
{"ts":"2026-06-20T07:13:30.165Z","level":"info","message":"Webhook received","service":"delivera-express","platform":"yemeksepeti","platformRestaurantId":"vendor-1781939609862","orderId":"YS-1781939610164","requestId":"req_5zftfoft"}
{"ts":"2026-06-20T07:13:30.166Z","level":"info","message":"Platform matched","service":"delivera-express","platform":"Yemeksepeti","restaurantId":"rst_l4pca0pz","platformRestaurantId":"vendor-1781939609862"}
{"ts":"2026-06-20T07:13:30.170Z","level":"info","message":"Package created from platform order","service":"delivera-express","platform":"Yemeksepeti","restaurantId":"rst_l4pca0pz","orderId":"YS-1781939610164","packageId":"pkg_743k7eln","trackingNo":"PKT-683043","source":"platform_webhook"}
{"ts":"2026-06-20T07:13:30.176Z","level":"info","message":"Webhook accepted successfully","service":"delivera-express","platform":"Yemeksepeti","restaurantId":"rst_l4pca0pz","orderId":"YS-1781939610164","trackingNo":"PKT-683043","signatureMode":"token_fallback","requestId":"req_5zftfoft"}
{"ts":"2026-06-20T07:13:30.180Z","level":"info","message":"Webhook received","service":"delivera-express","platform":"yemeksepeti","platformRestaurantId":"vendor-1781939609862","orderId":"YS-1781939610164","requestId":"req_8w078mpm"}
{"ts":"2026-06-20T07:13:30.181Z","level":"info","message":"Platform matched","service":"delivera-express","platform":"Yemeksepeti","restaurantId":"rst_l4pca0pz","platformRestaurantId":"vendor-1781939609862"}
{"ts":"2026-06-20T07:13:30.183Z","level":"info","message":"Duplicate order skipped","service":"delivera-express","platform":"Yemeksepeti","restaurantId":"rst_l4pca0pz","externalOrderNo":"YS-1781939610164","packageId":"pkg_743k7eln"}
{"ts":"2026-06-20T07:13:30.184Z","level":"info","message":"Package created from platform order","service":"delivera-express","platform":"Yemeksepeti","restaurantId":"rst_l4pca0pz","orderId":"YS-1781939610164","packageId":"pkg_743k7eln","trackingNo":"PKT-683043","source":"platform_webhook"}
{"ts":"2026-06-20T07:13:30.190Z","level":"info","message":"Webhook accepted successfully","service":"delivera-express","platform":"Yemeksepeti","restaurantId":"rst_l4pca0pz","orderId":"YS-1781939610164","trackingNo":"PKT-683043","signatureMode":"token_fallback","requestId":"req_8w078mpm"}
{"ts":"2026-06-20T07:13:30.194Z","level":"info","message":"Webhook received","service":"delivera-express","platform":"yemeksepeti","platformRestaurantId":"vendor-1781939609862","orderId":"YS-REJECT-1781939610193","requestId":"req_fxeacgtm"}
{"ts":"2026-06-20T07:13:30.195Z","level":"info","message":"Platform matched","service":"delivera-express","platform":"Yemeksepeti","restaurantId":"rst_l4pca0pz","platformRestaurantId":"vendor-1781939609862"}
{"ts":"2026-06-20T07:13:30.199Z","level":"info","message":"Package created from platform order","service":"delivera-express","platform":"Yemeksepeti","restaurantId":"rst_l4pca0pz","orderId":"YS-REJECT-1781939610193","packageId":"pkg_bguy81cr","trackingNo":"PKT-332316","source":"platform_webhook"}
{"ts":"2026-06-20T07:13:30.204Z","level":"info","message":"Webhook accepted successfully","service":"delivera-express","platform":"Yemeksepeti","restaurantId":"rst_l4pca0pz","orderId":"YS-REJECT-1781939610193","trackingNo":"PKT-332316","signatureMode":"token_fallback","requestId":"req_fxeacgtm"}
{"ts":"2026-06-20T07:13:30.301Z","level":"info","message":"Assignment success","service":"delivera-express","packageId":"pkg_puym6u4m","courierId":"cr_51giw8wm","courierStatus":"online","distanceKm":0.007}
{"ts":"2026-06-20T07:13:32.817Z","level":"info","message":"Assignment retry triggered","service":"delivera-express","packageId":"pkg_puym6u4m","assignedCourierId":"cr_51giw8wm","triedCourierIds":["cr_51giw8wm"]}
{"ts":"2026-06-20T07:13:32.824Z","level":"info","message":"Assignment success","service":"delivera-express","packageId":"pkg_puym6u4m","courierId":"cr_hme7fb84","courierStatus":"online","distanceKm":0.021}
{"ts":"2026-06-20T07:13:32.825Z","level":"info","message":"Retry assignment selected a new courier","service":"delivera-express","packageId":"pkg_puym6u4m","courierId":"cr_hme7fb84"}
{"ts":"2026-06-20T07:13:35.341Z","level":"info","message":"Assignment retry triggered","service":"delivera-express","packageId":"pkg_puym6u4m","assignedCourierId":"cr_hme7fb84","triedCourierIds":["cr_51giw8wm","cr_hme7fb84"]}
{"ts":"2026-06-20T07:13:35.348Z","level":"warn","message":"Retry assignment found no suitable courier","service":"delivera-express","packageId":"pkg_puym6u4m"}
{"ts":"2026-06-20T07:13:35.720Z","level":"info","message":"Assignment success","service":"delivera-express","packageId":"pkg_puym6u4m","courierId":"cr_51giw8wm","courierStatus":"online","distanceKm":0.007}
{"ts":"2026-06-20T07:13:38.960Z","level":"info","message":"Assignment success","service":"delivera-express","packageId":"pkg_r3qw2mcq","courierId":"cr_51giw8wm","courierStatus":"online","distanceKm":0.007}
{"ts":"2026-06-20T07:13:38.962Z","level":"info","message":"Platform status callback requested","service":"delivera-express","platform":"Hizli Yapistir","status":"assigned","orderId":"MANUAL-1781939618953","courierId":"cr_51giw8wm"}
{"ts":"2026-06-20T07:13:38.976Z","level":"warn","message":"Platform status callback completed","service":"delivera-express","packageId":"pkg_r3qw2mcq","platform":"Hizli Yapistir","status":"assigned","ok":false,"mode":"not_configured","callbackStatus":"not_configured","error":"Platform callback URL not configured"}
{"ts":"2026-06-20T07:13:38.980Z","level":"warn","message":"Platform callback retry inline fallback","service":"delivera-express","packageId":"pkg_r3qw2mcq","platform":"Hizli Yapistir","status":"assigned","reason":"redis_not_configured"}
{"ts":"2026-06-20T07:13:38.988Z","level":"info","message":"Assignment success","service":"delivera-express","packageId":"pkg_cmukbs35","courierId":"cr_hme7fb84","courierStatus":"online","distanceKm":0.021}
{"ts":"2026-06-20T07:13:38.989Z","level":"info","message":"Platform status callback requested","service":"delivera-express","platform":"Yemeksepeti","status":"assigned","orderId":"ext-auto-1781939618976","courierId":"cr_hme7fb84"}
{"ts":"2026-06-20T07:13:39.001Z","level":"warn","message":"Platform status callback completed","service":"delivera-express","packageId":"pkg_cmukbs35","platform":"Yemeksepeti","status":"assigned","ok":false,"mode":"not_configured","callbackStatus":"not_configured","error":"Platform callback URL not configured"}
{"ts":"2026-06-20T07:13:39.006Z","level":"warn","message":"Platform callback retry inline fallback","service":"delivera-express","packageId":"pkg_cmukbs35","platform":"Yemeksepeti","status":"assigned","reason":"redis_not_configured"}
{"ts":"2026-06-20T07:13:39.119Z","level":"info","message":"Platform status callback requested","service":"delivera-express","platform":"Yemeksepeti","status":"rejected","orderId":"YS-REJECT-1781939610193","reason":"Test red"}
{"ts":"2026-06-20T07:13:39.127Z","level":"warn","message":"Platform status callback completed","service":"delivera-express","packageId":"pkg_bguy81cr","platform":"Yemeksepeti","status":"rejected","ok":false,"mode":"not_configured","callbackStatus":"not_configured","error":"Platform callback URL not configured"}
{"ts":"2026-06-20T07:13:39.131Z","level":"warn","message":"Platform callback retry inline fallback","service":"delivera-express","packageId":"pkg_bguy81cr","platform":"Yemeksepeti","status":"rejected","reason":"redis_not_configured"}
{"ts":"2026-06-20T07:13:39.135Z","level":"info","message":"Platform status callback requested","service":"delivera-express","platform":"Yemeksepeti","status":"accepted","orderId":"YS-1781939610164","restaurantId":"rst_l4pca0pz"}
{"ts":"2026-06-20T07:13:39.137Z","level":"info","message":"Platform status callback requested","service":"delivera-express","platform":"Yemeksepeti","status":"preparing","orderId":"YS-1781939610164"}
{"ts":"2026-06-20T07:13:39.139Z","level":"info","message":"Assignment triggered after restaurant approval","service":"delivera-express","packageId":"pkg_743k7eln","sourcePlatform":"Yemeksepeti","restaurantId":"rst_l4pca0pz"}
{"ts":"2026-06-20T07:13:39.140Z","level":"info","message":"Assignment state before approval assignment","service":"delivera-express","packageId":"pkg_743k7eln","previousStatus":"pending_approval","nextStatus":"preparing","restaurantId":"rst_l4pca0pz","zone":"Erdemli"}
{"ts":"2026-06-20T07:13:39.143Z","level":"info","message":"Platform status callback requested","service":"delivera-express","platform":"Yemeksepeti","status":"assigned","orderId":"YS-1781939610164","courierId":"cr_ip0xtkjw"}
{"ts":"2026-06-20T07:13:39.146Z","level":"info","message":"Assignment result after approval","service":"delivera-express","packageId":"pkg_743k7eln","status":"assigned","assignmentStatus":"assigned","assignedCourierId":"cr_ip0xtkjw","lastAssignmentError":""}
{"ts":"2026-06-20T07:13:39.146Z","level":"info","message":"Assignment success after approval","service":"delivera-express","packageId":"pkg_743k7eln","courierId":"cr_ip0xtkjw","status":"assigned"}
{"ts":"2026-06-20T07:13:39.154Z","level":"warn","message":"Platform status callback completed","service":"delivera-express","packageId":"pkg_743k7eln","platform":"Yemeksepeti","status":"accepted","ok":false,"mode":"not_configured","callbackStatus":"not_configured","error":"Platform callback URL not configured"}
{"ts":"2026-06-20T07:13:39.160Z","level":"warn","message":"Platform status callback completed","service":"delivera-express","packageId":"pkg_743k7eln","platform":"Yemeksepeti","status":"preparing","ok":false,"mode":"not_configured","callbackStatus":"not_configured","error":"Platform callback URL not configured"}
{"ts":"2026-06-20T07:13:39.166Z","level":"warn","message":"Platform status callback completed","service":"delivera-express","packageId":"pkg_743k7eln","platform":"Yemeksepeti","status":"assigned","ok":false,"mode":"not_configured","callbackStatus":"not_configured","error":"Platform callback URL not configured"}
{"ts":"2026-06-20T07:13:39.170Z","level":"warn","message":"Platform callback retry inline fallback","service":"delivera-express","packageId":"pkg_743k7eln","platform":"Yemeksepeti","status":"accepted","reason":"redis_not_configured"}
{"ts":"2026-06-20T07:13:39.170Z","level":"warn","message":"Platform callback retry inline fallback","service":"delivera-express","packageId":"pkg_743k7eln","platform":"Yemeksepeti","status":"preparing","reason":"redis_not_configured"}
{"ts":"2026-06-20T07:13:39.171Z","level":"warn","message":"Platform callback retry inline fallback","service":"delivera-express","packageId":"pkg_743k7eln","platform":"Yemeksepeti","status":"assigned","reason":"redis_not_configured"}
{"ts":"2026-06-20T07:13:40.491Z","level":"info","message":"Platform status callback requested","service":"delivera-express","platform":"Yemeksepeti","status":"delivered","orderId":"YS-1781939610164"}
{"ts":"2026-06-20T07:13:40.499Z","level":"warn","message":"Platform status callback completed","service":"delivera-express","packageId":"pkg_743k7eln","platform":"Yemeksepeti","status":"delivered","ok":false,"mode":"not_configured","callbackStatus":"not_configured","error":"Platform callback URL not configured"}
{"ts":"2026-06-20T07:13:40.503Z","level":"warn","message":"Platform callback retry inline fallback","service":"delivera-express","packageId":"pkg_743k7eln","platform":"Yemeksepeti","status":"delivered","reason":"redis_not_configured"}
{"ts":"2026-06-20T07:13:41.473Z","level":"info","message":"Assignment retry triggered","service":"delivera-express","packageId":"pkg_r3qw2mcq","assignedCourierId":"cr_51giw8wm","triedCourierIds":["cr_51giw8wm"]}
{"ts":"2026-06-20T07:13:41.480Z","level":"info","message":"Assignment success","service":"delivera-express","packageId":"pkg_r3qw2mcq","courierId":"cr_ip0xtkjw","courierStatus":"online","distanceKm":0.05}
{"ts":"2026-06-20T07:13:41.481Z","level":"info","message":"Platform status callback requested","service":"delivera-express","platform":"Hizli Yapistir","status":"assigned","orderId":"MANUAL-1781939618953","courierId":"cr_ip0xtkjw"}
{"ts":"2026-06-20T07:13:41.483Z","level":"info","message":"Retry assignment selected a new courier","service":"delivera-express","packageId":"pkg_r3qw2mcq","courierId":"cr_ip0xtkjw"}
{"ts":"2026-06-20T07:13:41.488Z","level":"warn","message":"Platform status callback completed","service":"delivera-express","packageId":"pkg_r3qw2mcq","platform":"Hizli Yapistir","status":"assigned","ok":false,"mode":"not_configured","callbackStatus":"not_configured","error":"Platform callback URL not configured"}
{"ts":"2026-06-20T07:13:41.491Z","level":"warn","message":"Platform callback retry inline fallback","service":"delivera-express","packageId":"pkg_r3qw2mcq","platform":"Hizli Yapistir","status":"assigned","reason":"redis_not_configured"}
{"ts":"2026-06-20T07:13:41.492Z","level":"info","message":"Assignment retry triggered","service":"delivera-express","packageId":"pkg_cmukbs35","assignedCourierId":"cr_hme7fb84","triedCourierIds":["cr_hme7fb84"]}
{"ts":"2026-06-20T07:13:41.498Z","level":"info","message":"Assignment success","service":"delivera-express","packageId":"pkg_cmukbs35","courierId":"cr_51giw8wm","courierStatus":"online","distanceKm":0.007}
{"ts":"2026-06-20T07:13:41.499Z","level":"info","message":"Platform status callback requested","service":"delivera-express","platform":"Yemeksepeti","status":"assigned","orderId":"ext-auto-1781939618976","courierId":"cr_51giw8wm"}
{"ts":"2026-06-20T07:13:41.501Z","level":"info","message":"Retry assignment selected a new courier","service":"delivera-express","packageId":"pkg_cmukbs35","courierId":"cr_51giw8wm"}
{"ts":"2026-06-20T07:13:41.507Z","level":"warn","message":"Platform status callback completed","service":"delivera-express","packageId":"pkg_cmukbs35","platform":"Yemeksepeti","status":"assigned","ok":false,"mode":"not_configured","callbackStatus":"not_configured","error":"Platform callback URL not configured"}
{"ts":"2026-06-20T07:13:41.511Z","level":"warn","message":"Platform callback retry inline fallback","service":"delivera-express","packageId":"pkg_cmukbs35","platform":"Yemeksepeti","status":"assigned","reason":"redis_not_configured"}
{"ts":"2026-06-20T07:13:41.725Z","level":"info","message":"Assignment success","service":"delivera-express","packageId":"pkg_jueiyzoo","courierId":"cr_hme7fb84","courierStatus":"online","distanceKm":0.021}
{"ts":"2026-06-20T07:13:41.737Z","level":"info","message":"Assignment triggered after restaurant approval","service":"delivera-express","packageId":"pkg_jueiyzoo","sourcePlatform":"Dis Manuel Paket","restaurantId":"rst_l4pca0pz"}
{"ts":"2026-06-20T07:13:41.738Z","level":"info","message":"Assignment state before approval assignment","service":"delivera-express","packageId":"pkg_jueiyzoo","previousStatus":"assigned","nextStatus":"preparing","restaurantId":"rst_l4pca0pz","zone":"Erdemli"}
{"ts":"2026-06-20T07:13:41.741Z","level":"info","message":"Assignment result after approval","service":"delivera-express","packageId":"pkg_jueiyzoo","status":"assigned","assignmentStatus":"assigned","assignedCourierId":"cr_rn2tb3k7","lastAssignmentError":""}
{"ts":"2026-06-20T07:13:41.741Z","level":"info","message":"Assignment success after approval","service":"delivera-express","packageId":"pkg_jueiyzoo","courierId":"cr_rn2tb3k7","status":"assigned"}
{"ts":"2026-06-20T07:13:41.868Z","level":"info","message":"Assignment success","service":"delivera-express","packageId":"pkg_jueiyzoo","courierId":"cr_hme7fb84","courierStatus":"online","distanceKm":0.021}
{"ts":"2026-06-20T07:13:41.943Z","level":"info","message":"Assignment success","service":"delivera-express","packageId":"pkg_jueiyzoo","courierId":"cr_qa7rcfvd","courierStatus":"online","distanceKm":0.036}
{"ts":"2026-06-20T07:13:52.180Z","level":"info","message":"Database migrations checked","service":"delivera-express","database":"C:\\Users\\LENOVO\\Desktop\\2026-04-19-kanka-paket-takip-uygulamas-yapacaz-kuriyelere\\delivera.sqlite","applied":0,"skipped":3}
{"ts":"2026-06-20T07:13:52.182Z","level":"info","message":"Platform polling disabled; webhook flow is active.","service":"delivera-express"}
{"ts":"2026-06-20T07:13:52.183Z","level":"info","message":"Polling skipped because global disabled","service":"delivera-express"}
{"ts":"2026-06-20T07:13:52.188Z","level":"info","message":"Delivera Express ready","service":"delivera-express","url":"http://localhost:3000","port":3000}
{"ts":"2026-06-20T07:13:59.639Z","level":"warn","message":"Request completed with client error","service":"delivera-express","endpoint":"/api/courier/me","method":"GET","requestId":"req_2iwu1bm8","statusCode":401,"elapsedMs":3}
{"ts":"2026-06-20T07:13:59.678Z","level":"warn","message":"Request rejected","service":"delivera-express","endpoint":"/api/courier/refresh","method":"POST","requestId":"req_ny9lod3f","statusCode":401,"error":{"name":"Error","message":"Refresh token gecersiz.","stack":"Error: Refresh token gecersiz.\n    at httpError (C:\\Users\\LENOVO\\Desktop\\2026-04-19-kanka-paket-takip-uygulamas-yapacaz-kuriyelere\\server.js:1234:17)\n    at refreshSessionPair (C:\\Users\\LENOVO\\Desktop\\2026-04-19-kanka-paket-takip-uygulamas-yapacaz-kuriyelere\\server.js:2195:11)\n    at handleApi (C:\\Users\\LENOVO\\Desktop\\2026-04-19-kanka-paket-takip-uygulamas-yapacaz-kuriyelere\\server.js:6534:18)\n    at process.processTicksAndRejections (node:internal/process/task_queues:103:5)\n    at async Server.<anonymous> (C:\\Users\\LENOVO\\Desktop\\2026-04-19-kanka-paket-takip-uygulamas-yapacaz-kuriyelere\\server.js:9287:7)"}}
{"ts":"2026-06-20T07:13:59.682Z","level":"warn","message":"Request completed with client error","service":"delivera-express","endpoint":"/api/courier/refresh","method":"POST","requestId":"req_ny9lod3f","statusCode":401,"elapsedMs":7}
{"ts":"2026-06-20T07:14:20.861Z","level":"warn","message":"Request completed with client error","service":"delivera-express","endpoint":"/api/admin/bootstrap","method":"GET","requestId":"req_uhu136jc","statusCode":401,"elapsedMs":1}
{"ts":"2026-06-20T07:14:20.871Z","level":"warn","message":"Request rejected","service":"delivera-express","endpoint":"/api/admin/refresh","method":"POST","requestId":"req_29avnzjd","statusCode":401,"error":{"name":"Error","message":"Refresh token gecersiz.","stack":"Error: Refresh token gecersiz.\n    at httpError (C:\\Users\\LENOVO\\Desktop\\2026-04-19-kanka-paket-takip-uygulamas-yapacaz-kuriyelere\\server.js:1234:17)\n    at refreshSessionPair (C:\\Users\\LENOVO\\Desktop\\2026-04-19-kanka-paket-takip-uygulamas-yapacaz-kuriyelere\\server.js:2195:11)\n    at handleApi (C:\\Users\\LENOVO\\Desktop\\2026-04-19-kanka-paket-takip-uygulamas-yapacaz-kuriyelere\\server.js:6516:18)\n    at process.processTicksAndRejections (node:internal/process/task_queues:103:5)\n    at async Server.<anonymous> (C:\\Users\\LENOVO\\Desktop\\2026-04-19-kanka-paket-takip-uygulamas-yapacaz-kuriyelere\\server.js:9287:7)"}}
{"ts":"2026-06-20T07:14:20.877Z","level":"warn","message":"Request completed with client error","service":"delivera-express","endpoint":"/api/admin/refresh","method":"POST","requestId":"req_29avnzjd","statusCode":401,"elapsedMs":8}
{"ts":"2026-06-20T07:20:19.827Z","level":"info","message":"Database migrations checked","service":"delivera-express","database":"C:\\Users\\LENOVO\\Desktop\\2026-04-19-kanka-paket-takip-uygulamas-yapacaz-kuriyelere\\delivera.sqlite","applied":0,"skipped":3}
{"ts":"2026-06-20T07:20:19.830Z","level":"info","message":"Platform polling disabled; webhook flow is active.","service":"delivera-express"}
{"ts":"2026-06-20T07:20:19.831Z","level":"info","message":"Polling skipped because global disabled","service":"delivera-express"}
{"ts":"2026-06-20T07:20:19.835Z","level":"info","message":"Delivera Express ready","service":"delivera-express","url":"http://localhost:3000","port":3000}
{"ts":"2026-06-20T07:23:34.497Z","level":"warn","message":"Request completed with client error","service":"delivera-express","endpoint":"/api/courier/login","method":"POST","requestId":"req_4iee2kp8","statusCode":401,"elapsedMs":0}
{"ts":"2026-06-20T07:23:35.877Z","level":"warn","message":"Request completed with client error","service":"delivera-express","endpoint":"/api/courier/login","method":"POST","requestId":"req_4c88ot9g","statusCode":401,"elapsedMs":0}
{"ts":"2026-06-20T07:23:37.703Z","level":"warn","message":"Request completed with client error","service":"delivera-express","endpoint":"/api/courier/login","method":"POST","requestId":"req_dznf9upo","statusCode":401,"elapsedMs":1}
{"ts":"2026-06-20T07:23:38.355Z","level":"warn","message":"Request completed with client error","service":"delivera-express","endpoint":"/api/courier/login","method":"POST","requestId":"req_z5rz4mao","statusCode":401,"elapsedMs":0}
{"ts":"2026-06-20T07:23:38.517Z","level":"warn","message":"Request completed with client error","service":"delivera-express","endpoint":"/api/courier/login","method":"POST","requestId":"req_sr0grvf1","statusCode":401,"elapsedMs":1}
{"ts":"2026-06-20T07:23:39.800Z","level":"warn","message":"Request completed with client error","service":"delivera-express","endpoint":"/api/courier/login","method":"POST","requestId":"req_y0xm9yax","statusCode":401,"elapsedMs":0}
{"ts":"2026-06-20T07:23:42.912Z","level":"warn","message":"Request completed with client error","service":"delivera-express","endpoint":"/api/courier/login","method":"POST","requestId":"req_z4eaqriy","statusCode":401,"elapsedMs":1}
{"ts":"2026-06-20T07:23:44.612Z","level":"warn","message":"Request completed with client error","service":"delivera-express","endpoint":"/api/courier/login","method":"POST","requestId":"req_tls70137","statusCode":401,"elapsedMs":0}
{"ts":"2026-06-20T07:23:53.600Z","level":"warn","message":"Request completed with client error","service":"delivera-express","endpoint":"/api/courier/login","method":"POST","requestId":"req_qjzgwmds","statusCode":401,"elapsedMs":1}
{"ts":"2026-06-20T07:23:55.072Z","level":"warn","message":"Request completed with client error","service":"delivera-express","endpoint":"/api/courier/login","method":"POST","requestId":"req_3rallwmm","statusCode":401,"elapsedMs":1}
{"ts":"2026-06-20T07:24:06.560Z","level":"warn","message":"Rate limit exceeded","service":"delivera-express","scope":"courierLogin","ip":"::1","retryAfter":28,"requestId":"req_jbe4synh","store":"memory"}
{"ts":"2026-06-20T07:24:06.561Z","level":"warn","message":"Request completed with client error","service":"delivera-express","endpoint":"/api/courier/login","method":"POST","requestId":"req_jbe4synh","statusCode":429,"elapsedMs":1}
{"ts":"2026-06-20T07:24:07.981Z","level":"warn","message":"Rate limit exceeded","service":"delivera-express","scope":"courierLogin","ip":"::1","retryAfter":27,"requestId":"req_ygiaa058","store":"memory"}
{"ts":"2026-06-20T07:24:07.982Z","level":"warn","message":"Request completed with client error","service":"delivera-express","endpoint":"/api/courier/login","method":"POST","requestId":"req_ygiaa058","statusCode":429,"elapsedMs":1}
{"ts":"2026-06-20T07:24:11.277Z","level":"warn","message":"Rate limit exceeded","service":"delivera-express","scope":"courierLogin","ip":"::1","retryAfter":24,"requestId":"req_b4etxlyt","store":"memory"}
{"ts":"2026-06-20T07:24:11.278Z","level":"warn","message":"Request completed with client error","service":"delivera-express","endpoint":"/api/courier/login","method":"POST","requestId":"req_b4etxlyt","statusCode":429,"elapsedMs":1}
{"ts":"2026-06-20T07:24:11.631Z","level":"warn","message":"Rate limit exceeded","service":"delivera-express","scope":"courierLogin","ip":"::1","retryAfter":23,"requestId":"req_7apb3wal","store":"memory"}
{"ts":"2026-06-20T07:24:11.632Z","level":"warn","message":"Request completed with client error","service":"delivera-express","endpoint":"/api/courier/login","method":"POST","requestId":"req_7apb3wal","statusCode":429,"elapsedMs":1}
{"ts":"2026-06-20T07:24:11.799Z","level":"warn","message":"Rate limit exceeded","service":"delivera-express","scope":"courierLogin","ip":"::1","retryAfter":23,"requestId":"req_687llk2b","store":"memory"}
{"ts":"2026-06-20T07:24:11.800Z","level":"warn","message":"Request completed with client error","service":"delivera-express","endpoint":"/api/courier/login","method":"POST","requestId":"req_687llk2b","statusCode":429,"elapsedMs":1}
{"ts":"2026-06-20T07:24:13.993Z","level":"warn","message":"Rate limit exceeded","service":"delivera-express","scope":"courierLogin","ip":"::1","retryAfter":21,"requestId":"req_z4661z62","store":"memory"}
{"ts":"2026-06-20T07:24:13.994Z","level":"warn","message":"Request completed with client error","service":"delivera-express","endpoint":"/api/courier/login","method":"POST","requestId":"req_z4661z62","statusCode":429,"elapsedMs":1}
{"ts":"2026-06-20T07:24:28.273Z","level":"warn","message":"Rate limit exceeded","service":"delivera-express","scope":"courierLogin","ip":"::1","retryAfter":7,"requestId":"req_k8mrjpyl","store":"memory"}
{"ts":"2026-06-20T07:24:28.275Z","level":"warn","message":"Request completed with client error","service":"delivera-express","endpoint":"/api/courier/login","method":"POST","requestId":"req_k8mrjpyl","statusCode":429,"elapsedMs":2}
{"ts":"2026-06-20T07:24:31.767Z","level":"warn","message":"Rate limit exceeded","service":"delivera-express","scope":"courierLogin","ip":"::1","retryAfter":3,"requestId":"req_tm77wacl","store":"memory"}
{"ts":"2026-06-20T07:24:31.768Z","level":"warn","message":"Request completed with client error","service":"delivera-express","endpoint":"/api/courier/login","method":"POST","requestId":"req_tm77wacl","statusCode":429,"elapsedMs":2}
{"ts":"2026-06-20T07:24:32.112Z","level":"warn","message":"Rate limit exceeded","service":"delivera-express","scope":"courierLogin","ip":"::1","retryAfter":3,"requestId":"req_oog0njyv","store":"memory"}
{"ts":"2026-06-20T07:24:32.113Z","level":"warn","message":"Request completed with client error","service":"delivera-express","endpoint":"/api/courier/login","method":"POST","requestId":"req_oog0njyv","statusCode":429,"elapsedMs":1}
{"ts":"2026-06-20T07:24:32.264Z","level":"warn","message":"Rate limit exceeded","service":"delivera-express","scope":"courierLogin","ip":"::1","retryAfter":3,"requestId":"req_xof3cbg0","store":"memory"}
{"ts":"2026-06-20T07:24:32.265Z","level":"warn","message":"Request completed with client error","service":"delivera-express","endpoint":"/api/courier/login","method":"POST","requestId":"req_xof3cbg0","statusCode":429,"elapsedMs":1}
{"ts":"2026-06-20T07:24:38.872Z","level":"warn","message":"Request completed with client error","service":"delivera-express","endpoint":"/api/courier/login","method":"POST","requestId":"req_pmdhzynj","statusCode":401,"elapsedMs":1}
{"ts":"2026-06-20T07:24:40.010Z","level":"warn","message":"Request completed with client error","service":"delivera-express","endpoint":"/api/courier/login","method":"POST","requestId":"req_sqjjtsum","statusCode":401,"elapsedMs":1}
{"ts":"2026-06-20T07:24:40.296Z","level":"warn","message":"Request completed with client error","service":"delivera-express","endpoint":"/api/courier/login","method":"POST","requestId":"req_zo7fw6ls","statusCode":401,"elapsedMs":1}
{"ts":"2026-06-20T07:24:40.451Z","level":"warn","message":"Request completed with client error","service":"delivera-express","endpoint":"/api/courier/login","method":"POST","requestId":"req_fb5tnm6x","statusCode":401,"elapsedMs":0}
{"ts":"2026-06-20T07:24:44.357Z","level":"warn","message":"Request completed with client error","service":"delivera-express","endpoint":"/api/courier/login","method":"POST","requestId":"req_lm0b8sln","statusCode":401,"elapsedMs":0}
{"ts":"2026-06-20T07:29:55.293Z","level":"info","message":"Database migrations checked","service":"delivera-express","database":"C:\\Users\\LENOVO\\Desktop\\2026-04-19-kanka-paket-takip-uygulamas-yapacaz-kuriyelere\\delivera.sqlite","applied":0,"skipped":3}
{"ts":"2026-06-20T07:29:55.296Z","level":"info","message":"Platform polling disabled; webhook flow is active.","service":"delivera-express"}
{"ts":"2026-06-20T07:29:55.296Z","level":"info","message":"Polling skipped because global disabled","service":"delivera-express"}
{"ts":"2026-06-20T07:29:55.301Z","level":"info","message":"Delivera Express ready","service":"delivera-express","url":"http://localhost:3000","port":3000}
{"ts":"2026-06-20T07:29:57.147Z","level":"error","message":"Unhandled request error","service":"delivera-express","endpoint":"/api/restaurant/bootstrap","method":"GET","requestId":"req_zrfqsa1n","statusCode":500,"error":{"name":"Error","message":"no such column: settings_json","stack":"Error: no such column: settings_json\n    at getSystemSettings (C:\\Users\\LENOVO\\Desktop\\2026-04-19-kanka-paket-takip-uygulamas-yapacaz-kuriyelere\\server.js:2727:18)\n    at decorateState (C:\\Users\\LENOVO\\Desktop\\2026-04-19-kanka-paket-takip-uygulamas-yapacaz-kuriyelere\\server.js:4859:21)\n    at handleApi (C:\\Users\\LENOVO\\Desktop\\2026-04-19-kanka-paket-takip-uygulamas-yapacaz-kuriyelere\\server.js:6818:24)\n    at process.processTicksAndRejections (node:internal/process/task_queues:103:5)\n    at async Server.<anonymous> (C:\\Users\\LENOVO\\Desktop\\2026-04-19-kanka-paket-takip-uygulamas-yapacaz-kuriyelere\\server.js:9334:7)"}}
{"ts":"2026-06-20T07:29:57.154Z","level":"error","message":"Request failed","service":"delivera-express","requestId":"req_zrfqsa1n","method":"GET","path":"/api/restaurant/bootstrap","statusCode":500,"elapsedMs":10,"ip":"::ffff:127.0.0.1","createdAt":"2026-06-20T07:29:57.154Z","endpoint":"/api/restaurant/bootstrap"}
{"ts":"2026-06-20T07:29:59.152Z","level":"error","message":"Unhandled request error","service":"delivera-express","endpoint":"/api/admin/bootstrap","method":"GET","requestId":"req_hqfy349e","statusCode":500,"error":{"name":"Error","message":"no such column: settings_json","stack":"Error: no such column: settings_json\n    at getSystemSettings (C:\\Users\\LENOVO\\Desktop\\2026-04-19-kanka-paket-takip-uygulamas-yapacaz-kuriyelere\\server.js:2727:18)\n    at decorateState (C:\\Users\\LENOVO\\Desktop\\2026-04-19-kanka-paket-takip-uygulamas-yapacaz-kuriyelere\\server.js:4859:21)\n    at handleApi (C:\\Users\\LENOVO\\Desktop\\2026-04-19-kanka-paket-takip-uygulamas-yapacaz-kuriyelere\\server.js:6530:21)\n    at process.processTicksAndRejections (node:internal/process/task_queues:103:5)\n    at async Server.<anonymous> (C:\\Users\\LENOVO\\Desktop\\2026-04-19-kanka-paket-takip-uygulamas-yapacaz-kuriyelere\\server.js:9334:7)"}}
{"ts":"2026-06-20T07:29:59.154Z","level":"error","message":"Request failed","service":"delivera-express","requestId":"req_hqfy349e","method":"GET","path":"/api/admin/bootstrap","statusCode":500,"elapsedMs":4,"ip":"::ffff:127.0.0.1","createdAt":"2026-06-20T07:29:59.154Z","endpoint":"/api/admin/bootstrap"}
{"ts":"2026-06-20T07:30:00.640Z","level":"error","message":"Unhandled request error","service":"delivera-express","endpoint":"/api/admin/bootstrap","method":"GET","requestId":"req_cas252x4","statusCode":500,"error":{"name":"Error","message":"no such column: settings_json","stack":"Error: no such column: settings_json\n    at getSystemSettings (C:\\Users\\LENOVO\\Desktop\\2026-04-19-kanka-paket-takip-uygulamas-yapacaz-kuriyelere\\server.js:2727:18)\n    at decorateState (C:\\Users\\LENOVO\\Desktop\\2026-04-19-kanka-paket-takip-uygulamas-yapacaz-kuriyelere\\server.js:4859:21)\n    at handleApi (C:\\Users\\LENOVO\\Desktop\\2026-04-19-kanka-paket-takip-uygulamas-yapacaz-kuriyelere\\server.js:6530:21)\n    at process.processTicksAndRejections (node:internal/process/task_queues:103:5)\n    at async Server.<anonymous> (C:\\Users\\LENOVO\\Desktop\\2026-04-19-kanka-paket-takip-uygulamas-yapacaz-kuriyelere\\server.js:9334:7)"}}
{"ts":"2026-06-20T07:30:00.643Z","level":"error","message":"Request failed","service":"delivera-express","requestId":"req_cas252x4","method":"GET","path":"/api/admin/bootstrap","statusCode":500,"elapsedMs":6,"ip":"::1","createdAt":"2026-06-20T07:30:00.643Z","endpoint":"/api/admin/bootstrap"}
{"ts":"2026-06-20T07:30:06.748Z","level":"error","message":"Unhandled request error","service":"delivera-express","endpoint":"/api/admin/bootstrap","method":"GET","requestId":"req_idakbeaw","statusCode":500,"error":{"name":"Error","message":"no such column: settings_json","stack":"Error: no such column: settings_json\n    at getSystemSettings (C:\\Users\\LENOVO\\Desktop\\2026-04-19-kanka-paket-takip-uygulamas-yapacaz-kuriyelere\\server.js:2727:18)\n    at decorateState (C:\\Users\\LENOVO\\Desktop\\2026-04-19-kanka-paket-takip-uygulamas-yapacaz-kuriyelere\\server.js:4859:21)\n    at handleApi (C:\\Users\\LENOVO\\Desktop\\2026-04-19-kanka-paket-takip-uygulamas-yapacaz-kuriyelere\\server.js:6530:21)\n    at process.processTicksAndRejections (node:internal/process/task_queues:103:5)\n    at async Server.<anonymous> (C:\\Users\\LENOVO\\Desktop\\2026-04-19-kanka-paket-takip-uygulamas-yapacaz-kuriyelere\\server.js:9334:7)"}}
{"ts":"2026-06-20T07:30:06.750Z","level":"error","message":"Request failed","service":"delivera-express","requestId":"req_idakbeaw","method":"GET","path":"/api/admin/bootstrap","statusCode":500,"elapsedMs":4,"ip":"::1","createdAt":"2026-06-20T07:30:06.750Z","endpoint":"/api/admin/bootstrap"}
{"ts":"2026-06-20T07:30:09.184Z","level":"error","message":"Unhandled request error","service":"delivera-express","endpoint":"/api/restaurant/bootstrap","method":"GET","requestId":"req_sady2ncx","statusCode":500,"error":{"name":"Error","message":"no such column: settings_json","stack":"Error: no such column: settings_json\n    at getSystemSettings (C:\\Users\\LENOVO\\Desktop\\2026-04-19-kanka-paket-takip-uygulamas-yapacaz-kuriyelere\\server.js:2727:18)\n    at decorateState (C:\\Users\\LENOVO\\Desktop\\2026-04-19-kanka-paket-takip-uygulamas-yapacaz-kuriyelere\\server.js:4859:21)\n    at handleApi (C:\\Users\\LENOVO\\Desktop\\2026-04-19-kanka-paket-takip-uygulamas-yapacaz-kuriyelere\\server.js:6818:24)\n    at process.processTicksAndRejections (node:internal/process/task_queues:103:5)\n    at async Server.<anonymous> (C:\\Users\\LENOVO\\Desktop\\2026-04-19-kanka-paket-takip-uygulamas-yapacaz-kuriyelere\\server.js:9334:7)"}}
{"ts":"2026-06-20T07:30:09.185Z","level":"error","message":"Request failed","service":"delivera-express","requestId":"req_sady2ncx","method":"GET","path":"/api/restaurant/bootstrap","statusCode":500,"elapsedMs":2,"ip":"::1","createdAt":"2026-06-20T07:30:09.185Z","endpoint":"/api/restaurant/bootstrap"}
{"ts":"2026-06-20T07:30:15.030Z","level":"error","message":"Unhandled request error","service":"delivera-express","endpoint":"/api/admin/bootstrap","method":"GET","requestId":"req_lkr62lza","statusCode":500,"error":{"name":"Error","message":"no such column: settings_json","stack":"Error: no such column: settings_json\n    at getSystemSettings (C:\\Users\\LENOVO\\Desktop\\2026-04-19-kanka-paket-takip-uygulamas-yapacaz-kuriyelere\\server.js:2727:18)\n    at decorateState (C:\\Users\\LENOVO\\Desktop\\2026-04-19-kanka-paket-takip-uygulamas-yapacaz-kuriyelere\\server.js:4859:21)\n    at handleApi (C:\\Users\\LENOVO\\Desktop\\2026-04-19-kanka-paket-takip-uygulamas-yapacaz-kuriyelere\\server.js:6530:21)\n    at process.processTicksAndRejections (node:internal/process/task_queues:103:5)\n    at async Server.<anonymous> (C:\\Users\\LENOVO\\Desktop\\2026-04-19-kanka-paket-takip-uygulamas-yapacaz-kuriyelere\\server.js:9334:7)"}}
{"ts":"2026-06-20T07:30:15.031Z","level":"error","message":"Request failed","service":"delivera-express","requestId":"req_lkr62lza","method":"GET","path":"/api/admin/bootstrap","statusCode":500,"elapsedMs":2,"ip":"::1","createdAt":"2026-06-20T07:30:15.031Z","endpoint":"/api/admin/bootstrap"}
{"ts":"2026-06-20T07:30:16.779Z","level":"error","message":"Unhandled request error","service":"delivera-express","endpoint":"/api/admin/bootstrap","method":"GET","requestId":"req_rmg4vk3s","statusCode":500,"error":{"name":"Error","message":"no such column: settings_json","stack":"Error: no such column: settings_json\n    at getSystemSettings (C:\\Users\\LENOVO\\Desktop\\2026-04-19-kanka-paket-takip-uygulamas-yapacaz-kuriyelere\\server.js:2727:18)\n    at decorateState (C:\\Users\\LENOVO\\Desktop\\2026-04-19-kanka-paket-takip-uygulamas-yapacaz-kuriyelere\\server.js:4859:21)\n    at handleApi (C:\\Users\\LENOVO\\Desktop\\2026-04-19-kanka-paket-takip-uygulamas-yapacaz-kuriyelere\\server.js:6530:21)\n    at process.processTicksAndRejections (node:internal/process/task_queues:103:5)\n    at async Server.<anonymous> (C:\\Users\\LENOVO\\Desktop\\2026-04-19-kanka-paket-takip-uygulamas-yapacaz-kuriyelere\\server.js:9334:7)"}}
{"ts":"2026-06-20T07:30:16.782Z","level":"error","message":"Request failed","service":"delivera-express","requestId":"req_rmg4vk3s","method":"GET","path":"/api/admin/bootstrap","statusCode":500,"elapsedMs":6,"ip":"::1","createdAt":"2026-06-20T07:30:16.782Z","endpoint":"/api/admin/bootstrap"}
{"ts":"2026-06-20T07:30:17.611Z","level":"error","message":"Unhandled request error","service":"delivera-express","endpoint":"/api/courier/me","method":"GET","requestId":"req_dpwwixa5","statusCode":500,"error":{"name":"Error","message":"no such column: settings_json","stack":"Error: no such column: settings_json\n    at getSystemSettings (C:\\Users\\LENOVO\\Desktop\\2026-04-19-kanka-paket-takip-uygulamas-yapacaz-kuriyelere\\server.js:2727:18)\n    at summarizeCourierPackagesForRange (C:\\Users\\LENOVO\\Desktop\\2026-04-19-kanka-paket-takip-uygulamas-yapacaz-kuriyelere\\server.js:3601:20)\n    at buildCourierEarningsSummary (C:\\Users\\LENOVO\\Desktop\\2026-04-19-kanka-paket-takip-uygulamas-yapacaz-kuriyelere\\server.js:3613:12)\n    at buildCourierWorkspace (C:\\Users\\LENOVO\\Desktop\\2026-04-19-kanka-paket-takip-uygulamas-yapacaz-kuriyelere\\server.js:3723:22)\n    at handleApi (C:\\Users\\LENOVO\\Desktop\\2026-04-19-kanka-paket-takip-uygulamas-yapacaz-kuriyelere\\server.js:8469:23)\n    at process.processTicksAndRejections (node:internal/process/task_queues:103:5)\n    at async Server.<anonymous> (C:\\Users\\LENOVO\\Desktop\\2026-04-19-kanka-paket-takip-uygulamas-yapacaz-kuriyelere\\server.js:9334:7)"}}
{"ts":"2026-06-20T07:30:17.613Z","level":"error","message":"Request failed","service":"delivera-express","requestId":"req_dpwwixa5","method":"GET","path":"/api/courier/me","statusCode":500,"elapsedMs":4,"ip":"::1","createdAt":"2026-06-20T07:30:17.613Z","endpoint":"/api/courier/me"}
{"ts":"2026-06-20T07:30:18.439Z","level":"error","message":"Unhandled request error","service":"delivera-express","endpoint":"/api/courier/me","method":"GET","requestId":"req_698dr452","statusCode":500,"error":{"name":"Error","message":"no such column: settings_json","stack":"Error: no such column: settings_json\n    at getSystemSettings (C:\\Users\\LENOVO\\Desktop\\2026-04-19-kanka-paket-takip-uygulamas-yapacaz-kuriyelere\\server.js:2727:18)\n    at summarizeCourierPackagesForRange (C:\\Users\\LENOVO\\Desktop\\2026-04-19-kanka-paket-takip-uygulamas-yapacaz-kuriyelere\\server.js:3601:20)\n    at buildCourierEarningsSummary (C:\\Users\\LENOVO\\Desktop\\2026-04-19-kanka-paket-takip-uygulamas-yapacaz-kuriyelere\\server.js:3613:12)\n    at buildCourierWorkspace (C:\\Users\\LENOVO\\Desktop\\2026-04-19-kanka-paket-takip-uygulamas-yapacaz-kuriyelere\\server.js:3723:22)\n    at handleApi (C:\\Users\\LENOVO\\Desktop\\2026-04-19-kanka-paket-takip-uygulamas-yapacaz-kuriyelere\\server.js:8469:23)\n    at process.processTicksAndRejections (node:internal/process/task_queues:103:5)\n    at async Server.<anonymous> (C:\\Users\\LENOVO\\Desktop\\2026-04-19-kanka-paket-takip-uygulamas-yapacaz-kuriyelere\\server.js:9334:7)"}}
{"ts":"2026-06-20T07:30:18.441Z","level":"error","message":"Request failed","service":"delivera-express","requestId":"req_698dr452","method":"GET","path":"/api/courier/me","statusCode":500,"elapsedMs":5,"ip":"::1","createdAt":"2026-06-20T07:30:18.441Z","endpoint":"/api/courier/me"}
{"ts":"2026-06-20T07:30:21.183Z","level":"error","message":"Unhandled request error","service":"delivera-express","endpoint":"/api/restaurant/bootstrap","method":"GET","requestId":"req_qa9qvncb","statusCode":500,"error":{"name":"Error","message":"no such column: settings_json","stack":"Error: no such column: settings_json\n    at getSystemSettings (C:\\Users\\LENOVO\\Desktop\\2026-04-19-kanka-paket-takip-uygulamas-yapacaz-kuriyelere\\server.js:2727:18)\n    at decorateState (C:\\Users\\LENOVO\\Desktop\\2026-04-19-kanka-paket-takip-uygulamas-yapacaz-kuriyelere\\server.js:4859:21)\n    at handleApi (C:\\Users\\LENOVO\\Desktop\\2026-04-19-kanka-paket-takip-uygulamas-yapacaz-kuriyelere\\server.js:6818:24)\n    at process.processTicksAndRejections (node:internal/process/task_queues:103:5)\n    at async Server.<anonymous> (C:\\Users\\LENOVO\\Desktop\\2026-04-19-kanka-paket-takip-uygulamas-yapacaz-kuriyelere\\server.js:9334:7)"}}
{"ts":"2026-06-20T07:30:21.184Z","level":"error","message":"Request failed","service":"delivera-express","requestId":"req_qa9qvncb","method":"GET","path":"/api/restaurant/bootstrap","statusCode":500,"elapsedMs":2,"ip":"::1","createdAt":"2026-06-20T07:30:21.184Z","endpoint":"/api/restaurant/bootstrap"}
{"ts":"2026-06-20T07:30:30.108Z","level":"error","message":"Unhandled request error","service":"delivera-express","endpoint":"/api/courier/me","method":"GET","requestId":"req_sowr8c06","statusCode":500,"error":{"name":"Error","message":"no such column: settings_json","stack":"Error: no such column: settings_json\n    at getSystemSettings (C:\\Users\\LENOVO\\Desktop\\2026-04-19-kanka-paket-takip-uygulamas-yapacaz-kuriyelere\\server.js:2727:18)\n    at summarizeCourierPackagesForRange (C:\\Users\\LENOVO\\Desktop\\2026-04-19-kanka-paket-takip-uygulamas-yapacaz-kuriyelere\\server.js:3601:20)\n    at buildCourierEarningsSummary (C:\\Users\\LENOVO\\Desktop\\2026-04-19-kanka-paket-takip-uygulamas-yapacaz-kuriyelere\\server.js:3613:12)\n    at buildCourierWorkspace (C:\\Users\\LENOVO\\Desktop\\2026-04-19-kanka-paket-takip-uygulamas-yapacaz-kuriyelere\\server.js:3723:22)\n    at handleApi (C:\\Users\\LENOVO\\Desktop\\2026-04-19-kanka-paket-takip-uygulamas-yapacaz-kuriyelere\\server.js:8469:23)\n    at process.processTicksAndRejections (node:internal/process/task_queues:103:5)\n    at async Server.<anonymous> (C:\\Users\\LENOVO\\Desktop\\2026-04-19-kanka-paket-takip-uygulamas-yapacaz-kuriyelere\\server.js:9334:7)"}}
{"ts":"2026-06-20T07:30:30.109Z","level":"error","message":"Request failed","service":"delivera-express","requestId":"req_sowr8c06","method":"GET","path":"/api/courier/me","statusCode":500,"elapsedMs":3,"ip":"::1","createdAt":"2026-06-20T07:30:30.109Z","endpoint":"/api/courier/me"}
{"ts":"2026-06-20T07:30:30.112Z","level":"error","message":"Unhandled request error","service":"delivera-express","endpoint":"/api/restaurant/bootstrap","method":"GET","requestId":"req_j664c8f7","statusCode":500,"error":{"name":"Error","message":"no such column: settings_json","stack":"Error: no such column: settings_json\n    at getSystemSettings (C:\\Users\\LENOVO\\Desktop\\2026-04-19-kanka-paket-takip-uygulamas-yapacaz-kuriyelere\\server.js:2727:18)\n    at decorateState (C:\\Users\\LENOVO\\Desktop\\2026-04-19-kanka-paket-takip-uygulamas-yapacaz-kuriyelere\\server.js:4859:21)\n    at handleApi (C:\\Users\\LENOVO\\Desktop\\2026-04-19-kanka-paket-takip-uygulamas-yapacaz-kuriyelere\\server.js:6818:24)\n    at process.processTicksAndRejections (node:internal/process/task_queues:103:5)\n    at async Server.<anonymous> (C:\\Users\\LENOVO\\Desktop\\2026-04-19-kanka-paket-takip-uygulamas-yapacaz-kuriyelere\\server.js:9334:7)"}}
{"ts":"2026-06-20T07:30:30.114Z","level":"error","message":"Request failed","service":"delivera-express","requestId":"req_j664c8f7","method":"GET","path":"/api/restaurant/bootstrap","statusCode":500,"elapsedMs":3,"ip":"::1","createdAt":"2026-06-20T07:30:30.114Z","endpoint":"/api/restaurant/bootstrap"}
{"ts":"2026-06-20T07:30:31.367Z","level":"error","message":"Unhandled request error","service":"delivera-express","endpoint":"/api/courier/me","method":"GET","requestId":"req_0gpd25uo","statusCode":500,"error":{"name":"Error","message":"no such column: settings_json","stack":"Error: no such column: settings_json\n    at getSystemSettings (C:\\Users\\LENOVO\\Desktop\\2026-04-19-kanka-paket-takip-uygulamas-yapacaz-kuriyelere\\server.js:2727:18)\n    at summarizeCourierPackagesForRange (C:\\Users\\LENOVO\\Desktop\\2026-04-19-kanka-paket-takip-uygulamas-yapacaz-kuriyelere\\server.js:3601:20)\n    at buildCourierEarningsSummary (C:\\Users\\LENOVO\\Desktop\\2026-04-19-kanka-paket-takip-uygulamas-yapacaz-kuriyelere\\server.js:3613:12)\n    at buildCourierWorkspace (C:\\Users\\LENOVO\\Desktop\\2026-04-19-kanka-paket-takip-uygulamas-yapacaz-kuriyelere\\server.js:3723:22)\n    at handleApi (C:\\Users\\LENOVO\\Desktop\\2026-04-19-kanka-paket-takip-uygulamas-yapacaz-kuriyelere\\server.js:8469:23)\n    at process.processTicksAndRejections (node:internal/process/task_queues:103:5)\n    at async Server.<anonymous> (C:\\Users\\LENOVO\\Desktop\\2026-04-19-kanka-paket-takip-uygulamas-yapacaz-kuriyelere\\server.js:9334:7)"}}
{"ts":"2026-06-20T07:30:31.369Z","level":"error","message":"Request failed","service":"delivera-express","requestId":"req_0gpd25uo","method":"GET","path":"/api/courier/me","statusCode":500,"elapsedMs":4,"ip":"::1","createdAt":"2026-06-20T07:30:31.369Z","endpoint":"/api/courier/me"}
{"ts":"2026-06-20T07:30:31.372Z","level":"error","message":"Unhandled request error","service":"delivera-express","endpoint":"/api/restaurant/bootstrap","method":"GET","requestId":"req_zlys3gef","statusCode":500,"error":{"name":"Error","message":"no such column: settings_json","stack":"Error: no such column: settings_json\n    at getSystemSettings (C:\\Users\\LENOVO\\Desktop\\2026-04-19-kanka-paket-takip-uygulamas-yapacaz-kuriyelere\\server.js:2727:18)\n    at decorateState (C:\\Users\\LENOVO\\Desktop\\2026-04-19-kanka-paket-takip-uygulamas-yapacaz-kuriyelere\\server.js:4859:21)\n    at handleApi (C:\\Users\\LENOVO\\Desktop\\2026-04-19-kanka-paket-takip-uygulamas-yapacaz-kuriyelere\\server.js:6818:24)\n    at process.processTicksAndRejections (node:internal/process/task_queues:103:5)\n    at async Server.<anonymous> (C:\\Users\\LENOVO\\Desktop\\2026-04-19-kanka-paket-takip-uygulamas-yapacaz-kuriyelere\\server.js:9334:7)"}}
{"ts":"2026-06-20T07:30:31.373Z","level":"error","message":"Request failed","service":"delivera-express","requestId":"req_zlys3gef","method":"GET","path":"/api/restaurant/bootstrap","statusCode":500,"elapsedMs":3,"ip":"::1","createdAt":"2026-06-20T07:30:31.373Z","endpoint":"/api/restaurant/bootstrap"}
{"ts":"2026-06-20T07:30:32.527Z","level":"error","message":"Unhandled request error","service":"delivera-express","endpoint":"/api/courier/me","method":"GET","requestId":"req_1uabtajb","statusCode":500,"error":{"name":"Error","message":"no such column: settings_json","stack":"Error: no such column: settings_json\n    at getSystemSettings (C:\\Users\\LENOVO\\Desktop\\2026-04-19-kanka-paket-takip-uygulamas-yapacaz-kuriyelere\\server.js:2727:18)\n    at summarizeCourierPackagesForRange (C:\\Users\\LENOVO\\Desktop\\2026-04-19-kanka-paket-takip-uygulamas-yapacaz-kuriyelere\\server.js:3601:20)\n    at buildCourierEarningsSummary (C:\\Users\\LENOVO\\Desktop\\2026-04-19-kanka-paket-takip-uygulamas-yapacaz-kuriyelere\\server.js:3613:12)\n    at buildCourierWorkspace (C:\\Users\\LENOVO\\Desktop\\2026-04-19-kanka-paket-takip-uygulamas-yapacaz-kuriyelere\\server.js:3723:22)\n    at handleApi (C:\\Users\\LENOVO\\Desktop\\2026-04-19-kanka-paket-takip-uygulamas-yapacaz-kuriyelere\\server.js:8469:23)\n    at process.processTicksAndRejections (node:internal/process/task_queues:103:5)\n    at async Server.<anonymous> (C:\\Users\\LENOVO\\Desktop\\2026-04-19-kanka-paket-takip-uygulamas-yapacaz-kuriyelere\\server.js:9334:7)"}}
{"ts":"2026-06-20T07:30:32.528Z","level":"error","message":"Request failed","service":"delivera-express","requestId":"req_1uabtajb","method":"GET","path":"/api/courier/me","statusCode":500,"elapsedMs":2,"ip":"::1","createdAt":"2026-06-20T07:30:32.528Z","endpoint":"/api/courier/me"}
{"ts":"2026-06-20T07:30:32.530Z","level":"error","message":"Unhandled request error","service":"delivera-express","endpoint":"/api/restaurant/bootstrap","method":"GET","requestId":"req_pafkmudi","statusCode":500,"error":{"name":"Error","message":"no such column: settings_json","stack":"Error: no such column: settings_json\n    at getSystemSettings (C:\\Users\\LENOVO\\Desktop\\2026-04-19-kanka-paket-takip-uygulamas-yapacaz-kuriyelere\\server.js:2727:18)\n    at decorateState (C:\\Users\\LENOVO\\Desktop\\2026-04-19-kanka-paket-takip-uygulamas-yapacaz-kuriyelere\\server.js:4859:21)\n    at handleApi (C:\\Users\\LENOVO\\Desktop\\2026-04-19-kanka-paket-takip-uygulamas-yapacaz-kuriyelere\\server.js:6818:24)\n    at process.processTicksAndRejections (node:internal/process/task_queues:103:5)\n    at async Server.<anonymous> (C:\\Users\\LENOVO\\Desktop\\2026-04-19-kanka-paket-takip-uygulamas-yapacaz-kuriyelere\\server.js:9334:7)"}}
{"ts":"2026-06-20T07:30:32.532Z","level":"error","message":"Request failed","service":"delivera-express","requestId":"req_pafkmudi","method":"GET","path":"/api/restaurant/bootstrap","statusCode":500,"elapsedMs":3,"ip":"::1","createdAt":"2026-06-20T07:30:32.532Z","endpoint":"/api/restaurant/bootstrap"}
{"ts":"2026-06-20T07:30:33.183Z","level":"error","message":"Unhandled request error","service":"delivera-express","endpoint":"/api/restaurant/bootstrap","method":"GET","requestId":"req_n0a0jgqs","statusCode":500,"error":{"name":"Error","message":"no such column: settings_json","stack":"Error: no such column: settings_json\n    at getSystemSettings (C:\\Users\\LENOVO\\Desktop\\2026-04-19-kanka-paket-takip-uygulamas-yapacaz-kuriyelere\\server.js:2727:18)\n    at decorateState (C:\\Users\\LENOVO\\Desktop\\2026-04-19-kanka-paket-takip-uygulamas-yapacaz-kuriyelere\\server.js:4859:21)\n    at handleApi (C:\\Users\\LENOVO\\Desktop\\2026-04-19-kanka-paket-takip-uygulamas-yapacaz-kuriyelere\\server.js:6818:24)\n    at process.processTicksAndRejections (node:internal/process/task_queues:103:5)\n    at async Server.<anonymous> (C:\\Users\\LENOVO\\Desktop\\2026-04-19-kanka-paket-takip-uygulamas-yapacaz-kuriyelere\\server.js:9334:7)"}}
{"ts":"2026-06-20T07:30:33.184Z","level":"error","message":"Request failed","service":"delivera-express","requestId":"req_n0a0jgqs","method":"GET","path":"/api/restaurant/bootstrap","statusCode":500,"elapsedMs":2,"ip":"::1","createdAt":"2026-06-20T07:30:33.184Z","endpoint":"/api/restaurant/bootstrap"}
{"ts":"2026-06-20T07:30:44.516Z","level":"error","message":"Unhandled request error","service":"delivera-express","endpoint":"/api/admin/bootstrap","method":"GET","requestId":"req_1vr4a2k7","statusCode":500,"error":{"name":"Error","message":"no such column: settings_json","stack":"Error: no such column: settings_json\n    at getSystemSettings (C:\\Users\\LENOVO\\Desktop\\2026-04-19-kanka-paket-takip-uygulamas-yapacaz-kuriyelere\\server.js:2727:18)\n    at decorateState (C:\\Users\\LENOVO\\Desktop\\2026-04-19-kanka-paket-takip-uygulamas-yapacaz-kuriyelere\\server.js:4859:21)\n    at handleApi (C:\\Users\\LENOVO\\Desktop\\2026-04-19-kanka-paket-takip-uygulamas-yapacaz-kuriyelere\\server.js:6530:21)\n    at process.processTicksAndRejections (node:internal/process/task_queues:103:5)\n    at async Server.<anonymous> (C:\\Users\\LENOVO\\Desktop\\2026-04-19-kanka-paket-takip-uygulamas-yapacaz-kuriyelere\\server.js:9334:7)"}}
{"ts":"2026-06-20T07:30:44.518Z","level":"error","message":"Request failed","service":"delivera-express","requestId":"req_1vr4a2k7","method":"GET","path":"/api/admin/bootstrap","statusCode":500,"elapsedMs":3,"ip":"::1","createdAt":"2026-06-20T07:30:44.518Z","endpoint":"/api/admin/bootstrap"}
{"ts":"2026-06-20T07:30:45.184Z","level":"error","message":"Unhandled request error","service":"delivera-express","endpoint":"/api/restaurant/bootstrap","method":"GET","requestId":"req_ujlzq6nb","statusCode":500,"error":{"name":"Error","message":"no such column: settings_json","stack":"Error: no such column: settings_json\n    at getSystemSettings (C:\\Users\\LENOVO\\Desktop\\2026-04-19-kanka-paket-takip-uygulamas-yapacaz-kuriyelere\\server.js:2727:18)\n    at decorateState (C:\\Users\\LENOVO\\Desktop\\2026-04-19-kanka-paket-takip-uygulamas-yapacaz-kuriyelere\\server.js:4859:21)\n    at handleApi (C:\\Users\\LENOVO\\Desktop\\2026-04-19-kanka-paket-takip-uygulamas-yapacaz-kuriyelere\\server.js:6818:24)\n    at process.processTicksAndRejections (node:internal/process/task_queues:103:5)\n    at async Server.<anonymous> (C:\\Users\\LENOVO\\Desktop\\2026-04-19-kanka-paket-takip-uygulamas-yapacaz-kuriyelere\\server.js:9334:7)"}}
{"ts":"2026-06-20T07:30:45.185Z","level":"error","message":"Request failed","service":"delivera-express","requestId":"req_ujlzq6nb","method":"GET","path":"/api/restaurant/bootstrap","statusCode":500,"elapsedMs":2,"ip":"::1","createdAt":"2026-06-20T07:30:45.185Z","endpoint":"/api/restaurant/bootstrap"}
{"ts":"2026-06-20T07:30:57.184Z","level":"error","message":"Unhandled request error","service":"delivera-express","endpoint":"/api/restaurant/bootstrap","method":"GET","requestId":"req_h1k2l8lc","statusCode":500,"error":{"name":"Error","message":"no such column: settings_json","stack":"Error: no such column: settings_json\n    at getSystemSettings (C:\\Users\\LENOVO\\Desktop\\2026-04-19-kanka-paket-takip-uygulamas-yapacaz-kuriyelere\\server.js:2727:18)\n    at decorateState (C:\\Users\\LENOVO\\Desktop\\2026-04-19-kanka-paket-takip-uygulamas-yapacaz-kuriyelere\\server.js:4859:21)\n    at handleApi (C:\\Users\\LENOVO\\Desktop\\2026-04-19-kanka-paket-takip-uygulamas-yapacaz-kuriyelere\\server.js:6818:24)\n    at process.processTicksAndRejections (node:internal/process/task_queues:103:5)\n    at async Server.<anonymous> (C:\\Users\\LENOVO\\Desktop\\2026-04-19-kanka-paket-takip-uygulamas-yapacaz-kuriyelere\\server.js:9334:7)"}}
{"ts":"2026-06-20T07:30:57.185Z","level":"error","message":"Request failed","service":"delivera-express","requestId":"req_h1k2l8lc","method":"GET","path":"/api/restaurant/bootstrap","statusCode":500,"elapsedMs":3,"ip":"::1","createdAt":"2026-06-20T07:30:57.185Z","endpoint":"/api/restaurant/bootstrap"}
{"ts":"2026-06-20T07:30:57.308Z","level":"error","message":"Unhandled request error","service":"delivera-express","endpoint":"/api/admin/bootstrap","method":"GET","requestId":"req_h0cmnrg4","statusCode":500,"error":{"name":"Error","message":"no such column: settings_json","stack":"Error: no such column: settings_json\n    at getSystemSettings (C:\\Users\\LENOVO\\Desktop\\2026-04-19-kanka-paket-takip-uygulamas-yapacaz-kuriyelere\\server.js:2727:18)\n    at decorateState (C:\\Users\\LENOVO\\Desktop\\2026-04-19-kanka-paket-takip-uygulamas-yapacaz-kuriyelere\\server.js:4859:21)\n    at handleApi (C:\\Users\\LENOVO\\Desktop\\2026-04-19-kanka-paket-takip-uygulamas-yapacaz-kuriyelere\\server.js:6530:21)\n    at process.processTicksAndRejections (node:internal/process/task_queues:103:5)\n    at async Server.<anonymous> (C:\\Users\\LENOVO\\Desktop\\2026-04-19-kanka-paket-takip-uygulamas-yapacaz-kuriyelere\\server.js:9334:7)"}}
{"ts":"2026-06-20T07:30:57.310Z","level":"error","message":"Request failed","service":"delivera-express","requestId":"req_h0cmnrg4","method":"GET","path":"/api/admin/bootstrap","statusCode":500,"elapsedMs":3,"ip":"::1","createdAt":"2026-06-20T07:30:57.310Z","endpoint":"/api/admin/bootstrap"}
{"ts":"2026-06-20T07:31:17.309Z","level":"error","message":"Unhandled request error","service":"delivera-express","endpoint":"/api/admin/bootstrap","method":"GET","requestId":"req_jr527dut","statusCode":500,"error":{"name":"Error","message":"no such column: settings_json","stack":"Error: no such column: settings_json\n    at getSystemSettings (C:\\Users\\LENOVO\\Desktop\\2026-04-19-kanka-paket-takip-uygulamas-yapacaz-kuriyelere\\server.js:2727:18)\n    at decorateState (C:\\Users\\LENOVO\\Desktop\\2026-04-19-kanka-paket-takip-uygulamas-yapacaz-kuriyelere\\server.js:4859:21)\n    at handleApi (C:\\Users\\LENOVO\\Desktop\\2026-04-19-kanka-paket-takip-uygulamas-yapacaz-kuriyelere\\server.js:6530:21)\n    at process.processTicksAndRejections (node:internal/process/task_queues:103:5)\n    at async Server.<anonymous> (C:\\Users\\LENOVO\\Desktop\\2026-04-19-kanka-paket-takip-uygulamas-yapacaz-kuriyelere\\server.js:9334:7)"}}
{"ts":"2026-06-20T07:31:17.310Z","level":"error","message":"Request failed","service":"delivera-express","requestId":"req_jr527dut","method":"GET","path":"/api/admin/bootstrap","statusCode":500,"elapsedMs":2,"ip":"::1","createdAt":"2026-06-20T07:31:17.310Z","endpoint":"/api/admin/bootstrap"}
{"ts":"2026-06-20T07:31:20.184Z","level":"error","message":"Unhandled request error","service":"delivera-express","endpoint":"/api/restaurant/bootstrap","method":"GET","requestId":"req_aon4e46v","statusCode":500,"error":{"name":"Error","message":"no such column: settings_json","stack":"Error: no such column: settings_json\n    at getSystemSettings (C:\\Users\\LENOVO\\Desktop\\2026-04-19-kanka-paket-takip-uygulamas-yapacaz-kuriyelere\\server.js:2727:18)\n    at decorateState (C:\\Users\\LENOVO\\Desktop\\2026-04-19-kanka-paket-takip-uygulamas-yapacaz-kuriyelere\\server.js:4859:21)\n    at handleApi (C:\\Users\\LENOVO\\Desktop\\2026-04-19-kanka-paket-takip-uygulamas-yapacaz-kuriyelere\\server.js:6818:24)\n    at process.processTicksAndRejections (node:internal/process/task_queues:103:5)\n    at async Server.<anonymous> (C:\\Users\\LENOVO\\Desktop\\2026-04-19-kanka-paket-takip-uygulamas-yapacaz-kuriyelere\\server.js:9334:7)"}}
{"ts":"2026-06-20T07:31:20.185Z","level":"error","message":"Request failed","service":"delivera-express","requestId":"req_aon4e46v","method":"GET","path":"/api/restaurant/bootstrap","statusCode":500,"elapsedMs":3,"ip":"::1","createdAt":"2026-06-20T07:31:20.185Z","endpoint":"/api/restaurant/bootstrap"}
{"ts":"2026-06-20T07:31:37.310Z","level":"error","message":"Unhandled request error","service":"delivera-express","endpoint":"/api/admin/bootstrap","method":"GET","requestId":"req_cf2b0ec6","statusCode":500,"error":{"name":"Error","message":"no such column: settings_json","stack":"Error: no such column: settings_json\n    at getSystemSettings (C:\\Users\\LENOVO\\Desktop\\2026-04-19-kanka-paket-takip-uygulamas-yapacaz-kuriyelere\\server.js:2727:18)\n    at decorateState (C:\\Users\\LENOVO\\Desktop\\2026-04-19-kanka-paket-takip-uygulamas-yapacaz-kuriyelere\\server.js:4859:21)\n    at handleApi (C:\\Users\\LENOVO\\Desktop\\2026-04-19-kanka-paket-takip-uygulamas-yapacaz-kuriyelere\\server.js:6530:21)\n    at process.processTicksAndRejections (node:internal/process/task_queues:103:5)\n    at async Server.<anonymous> (C:\\Users\\LENOVO\\Desktop\\2026-04-19-kanka-paket-takip-uygulamas-yapacaz-kuriyelere\\server.js:9334:7)"}}
{"ts":"2026-06-20T07:31:37.311Z","level":"error","message":"Request failed","service":"delivera-express","requestId":"req_cf2b0ec6","method":"GET","path":"/api/admin/bootstrap","statusCode":500,"elapsedMs":2,"ip":"::1","createdAt":"2026-06-20T07:31:37.311Z","endpoint":"/api/admin/bootstrap"}
{"ts":"2026-06-20T07:31:40.606Z","level":"info","message":"Database migrations checked","service":"delivera-express","database":"C:\\Users\\LENOVO\\Desktop\\2026-04-19-kanka-paket-takip-uygulamas-yapacaz-kuriyelere\\delivera.sqlite","applied":0,"skipped":3}
{"ts":"2026-06-20T07:31:40.609Z","level":"info","message":"Platform polling disabled; webhook flow is active.","service":"delivera-express"}
{"ts":"2026-06-20T07:31:40.609Z","level":"info","message":"Polling skipped because global disabled","service":"delivera-express"}
{"ts":"2026-06-20T07:31:57.312Z","level":"error","message":"Unhandled request error","service":"delivera-express","endpoint":"/api/admin/bootstrap","method":"GET","requestId":"req_k67bu1zp","statusCode":500,"error":{"name":"Error","message":"no such column: settings_json","stack":"Error: no such column: settings_json\n    at getSystemSettings (C:\\Users\\LENOVO\\Desktop\\2026-04-19-kanka-paket-takip-uygulamas-yapacaz-kuriyelere\\server.js:2727:18)\n    at decorateState (C:\\Users\\LENOVO\\Desktop\\2026-04-19-kanka-paket-takip-uygulamas-yapacaz-kuriyelere\\server.js:4859:21)\n    at handleApi (C:\\Users\\LENOVO\\Desktop\\2026-04-19-kanka-paket-takip-uygulamas-yapacaz-kuriyelere\\server.js:6530:21)\n    at process.processTicksAndRejections (node:internal/process/task_queues:103:5)\n    at async Server.<anonymous> (C:\\Users\\LENOVO\\Desktop\\2026-04-19-kanka-paket-takip-uygulamas-yapacaz-kuriyelere\\server.js:9334:7)"}}
{"ts":"2026-06-20T07:31:57.313Z","level":"error","message":"Request failed","service":"delivera-express","requestId":"req_k67bu1zp","method":"GET","path":"/api/admin/bootstrap","statusCode":500,"elapsedMs":3,"ip":"::1","createdAt":"2026-06-20T07:31:57.313Z","endpoint":"/api/admin/bootstrap"}
{"ts":"2026-06-20T07:32:17.310Z","level":"error","message":"Unhandled request error","service":"delivera-express","endpoint":"/api/admin/bootstrap","method":"GET","requestId":"req_02fex13v","statusCode":500,"error":{"name":"Error","message":"no such column: settings_json","stack":"Error: no such column: settings_json\n    at getSystemSettings (C:\\Users\\LENOVO\\Desktop\\2026-04-19-kanka-paket-takip-uygulamas-yapacaz-kuriyelere\\server.js:2727:18)\n    at decorateState (C:\\Users\\LENOVO\\Desktop\\2026-04-19-kanka-paket-takip-uygulamas-yapacaz-kuriyelere\\server.js:4859:21)\n    at handleApi (C:\\Users\\LENOVO\\Desktop\\2026-04-19-kanka-paket-takip-uygulamas-yapacaz-kuriyelere\\server.js:6530:21)\n    at process.processTicksAndRejections (node:internal/process/task_queues:103:5)\n    at async Server.<anonymous> (C:\\Users\\LENOVO\\Desktop\\2026-04-19-kanka-paket-takip-uygulamas-yapacaz-kuriyelere\\server.js:9334:7)"}}
{"ts":"2026-06-20T07:32:17.312Z","level":"error","message":"Request failed","service":"delivera-express","requestId":"req_02fex13v","method":"GET","path":"/api/admin/bootstrap","statusCode":500,"elapsedMs":2,"ip":"::1","createdAt":"2026-06-20T07:32:17.312Z","endpoint":"/api/admin/bootstrap"}
{"ts":"2026-06-20T07:32:20.184Z","level":"error","message":"Unhandled request error","service":"delivera-express","endpoint":"/api/restaurant/bootstrap","method":"GET","requestId":"req_ollkbxwu","statusCode":500,"error":{"name":"Error","message":"no such column: settings_json","stack":"Error: no such column: settings_json\n    at getSystemSettings (C:\\Users\\LENOVO\\Desktop\\2026-04-19-kanka-paket-takip-uygulamas-yapacaz-kuriyelere\\server.js:2727:18)\n    at decorateState (C:\\Users\\LENOVO\\Desktop\\2026-04-19-kanka-paket-takip-uygulamas-yapacaz-kuriyelere\\server.js:4859:21)\n    at handleApi (C:\\Users\\LENOVO\\Desktop\\2026-04-19-kanka-paket-takip-uygulamas-yapacaz-kuriyelere\\server.js:6818:24)\n    at process.processTicksAndRejections (node:internal/process/task_queues:103:5)\n    at async Server.<anonymous> (C:\\Users\\LENOVO\\Desktop\\2026-04-19-kanka-paket-takip-uygulamas-yapacaz-kuriyelere\\server.js:9334:7)"}}
{"ts":"2026-06-20T07:32:20.185Z","level":"error","message":"Request failed","service":"delivera-express","requestId":"req_ollkbxwu","method":"GET","path":"/api/restaurant/bootstrap","statusCode":500,"elapsedMs":3,"ip":"::1","createdAt":"2026-06-20T07:32:20.185Z","endpoint":"/api/restaurant/bootstrap"}
{"ts":"2026-06-20T07:32:37.310Z","level":"error","message":"Unhandled request error","service":"delivera-express","endpoint":"/api/admin/bootstrap","method":"GET","requestId":"req_yoxwa5qx","statusCode":500,"error":{"name":"Error","message":"no such column: settings_json","stack":"Error: no such column: settings_json\n    at getSystemSettings (C:\\Users\\LENOVO\\Desktop\\2026-04-19-kanka-paket-takip-uygulamas-yapacaz-kuriyelere\\server.js:2727:18)\n    at decorateState (C:\\Users\\LENOVO\\Desktop\\2026-04-19-kanka-paket-takip-uygulamas-yapacaz-kuriyelere\\server.js:4859:21)\n    at handleApi (C:\\Users\\LENOVO\\Desktop\\2026-04-19-kanka-paket-takip-uygulamas-yapacaz-kuriyelere\\server.js:6530:21)\n    at process.processTicksAndRejections (node:internal/process/task_queues:103:5)\n    at async Server.<anonymous> (C:\\Users\\LENOVO\\Desktop\\2026-04-19-kanka-paket-takip-uygulamas-yapacaz-kuriyelere\\server.js:9334:7)"}}
{"ts":"2026-06-20T07:32:37.311Z","level":"error","message":"Request failed","service":"delivera-express","requestId":"req_yoxwa5qx","method":"GET","path":"/api/admin/bootstrap","statusCode":500,"elapsedMs":2,"ip":"::1","createdAt":"2026-06-20T07:32:37.311Z","endpoint":"/api/admin/bootstrap"}
{"ts":"2026-06-20T07:32:57.310Z","level":"error","message":"Unhandled request error","service":"delivera-express","endpoint":"/api/admin/bootstrap","method":"GET","requestId":"req_clntqcd7","statusCode":500,"error":{"name":"Error","message":"no such column: settings_json","stack":"Error: no such column: settings_json\n    at getSystemSettings (C:\\Users\\LENOVO\\Desktop\\2026-04-19-kanka-paket-takip-uygulamas-yapacaz-kuriyelere\\server.js:2727:18)\n    at decorateState (C:\\Users\\LENOVO\\Desktop\\2026-04-19-kanka-paket-takip-uygulamas-yapacaz-kuriyelere\\server.js:4859:21)\n    at handleApi (C:\\Users\\LENOVO\\Desktop\\2026-04-19-kanka-paket-takip-uygulamas-yapacaz-kuriyelere\\server.js:6530:21)\n    at process.processTicksAndRejections (node:internal/process/task_queues:103:5)\n    at async Server.<anonymous> (C:\\Users\\LENOVO\\Desktop\\2026-04-19-kanka-paket-takip-uygulamas-yapacaz-kuriyelere\\server.js:9334:7)"}}
{"ts":"2026-06-20T07:32:57.311Z","level":"error","message":"Request failed","service":"delivera-express","requestId":"req_clntqcd7","method":"GET","path":"/api/admin/bootstrap","statusCode":500,"elapsedMs":3,"ip":"::1","createdAt":"2026-06-20T07:32:57.311Z","endpoint":"/api/admin/bootstrap"}
{"ts":"2026-06-20T07:33:17.316Z","level":"error","message":"Unhandled request error","service":"delivera-express","endpoint":"/api/admin/bootstrap","method":"GET","requestId":"req_s3hfspgy","statusCode":500,"error":{"name":"Error","message":"no such column: settings_json","stack":"Error: no such column: settings_json\n    at getSystemSettings (C:\\Users\\LENOVO\\Desktop\\2026-04-19-kanka-paket-takip-uygulamas-yapacaz-kuriyelere\\server.js:2727:18)\n    at decorateState (C:\\Users\\LENOVO\\Desktop\\2026-04-19-kanka-paket-takip-uygulamas-yapacaz-kuriyelere\\server.js:4859:21)\n    at handleApi (C:\\Users\\LENOVO\\Desktop\\2026-04-19-kanka-paket-takip-uygulamas-yapacaz-kuriyelere\\server.js:6530:21)\n    at process.processTicksAndRejections (node:internal/process/task_queues:103:5)\n    at async Server.<anonymous> (C:\\Users\\LENOVO\\Desktop\\2026-04-19-kanka-paket-takip-uygulamas-yapacaz-kuriyelere\\server.js:9334:7)"}}
{"ts":"2026-06-20T07:33:17.317Z","level":"error","message":"Request failed","service":"delivera-express","requestId":"req_s3hfspgy","method":"GET","path":"/api/admin/bootstrap","statusCode":500,"elapsedMs":2,"ip":"::1","createdAt":"2026-06-20T07:33:17.317Z","endpoint":"/api/admin/bootstrap"}
{"ts":"2026-06-20T07:33:20.183Z","level":"error","message":"Unhandled request error","service":"delivera-express","endpoint":"/api/restaurant/bootstrap","method":"GET","requestId":"req_rpubn8x7","statusCode":500,"error":{"name":"Error","message":"no such column: settings_json","stack":"Error: no such column: settings_json\n    at getSystemSettings (C:\\Users\\LENOVO\\Desktop\\2026-04-19-kanka-paket-takip-uygulamas-yapacaz-kuriyelere\\server.js:2727:18)\n    at decorateState (C:\\Users\\LENOVO\\Desktop\\2026-04-19-kanka-paket-takip-uygulamas-yapacaz-kuriyelere\\server.js:4859:21)\n    at handleApi (C:\\Users\\LENOVO\\Desktop\\2026-04-19-kanka-paket-takip-uygulamas-yapacaz-kuriyelere\\server.js:6818:24)\n    at process.processTicksAndRejections (node:internal/process/task_queues:103:5)\n    at async Server.<anonymous> (C:\\Users\\LENOVO\\Desktop\\2026-04-19-kanka-paket-takip-uygulamas-yapacaz-kuriyelere\\server.js:9334:7)"}}
{"ts":"2026-06-20T07:33:20.184Z","level":"error","message":"Request failed","service":"delivera-express","requestId":"req_rpubn8x7","method":"GET","path":"/api/restaurant/bootstrap","statusCode":500,"elapsedMs":2,"ip":"::1","createdAt":"2026-06-20T07:33:20.184Z","endpoint":"/api/restaurant/bootstrap"}
{"ts":"2026-06-20T07:33:37.311Z","level":"error","message":"Unhandled request error","service":"delivera-express","endpoint":"/api/admin/bootstrap","method":"GET","requestId":"req_uyundtps","statusCode":500,"error":{"name":"Error","message":"no such column: settings_json","stack":"Error: no such column: settings_json\n    at getSystemSettings (C:\\Users\\LENOVO\\Desktop\\2026-04-19-kanka-paket-takip-uygulamas-yapacaz-kuriyelere\\server.js:2727:18)\n    at decorateState (C:\\Users\\LENOVO\\Desktop\\2026-04-19-kanka-paket-takip-uygulamas-yapacaz-kuriyelere\\server.js:4859:21)\n    at handleApi (C:\\Users\\LENOVO\\Desktop\\2026-04-19-kanka-paket-takip-uygulamas-yapacaz-kuriyelere\\server.js:6530:21)\n    at process.processTicksAndRejections (node:internal/process/task_queues:103:5)\n    at async Server.<anonymous> (C:\\Users\\LENOVO\\Desktop\\2026-04-19-kanka-paket-takip-uygulamas-yapacaz-kuriyelere\\server.js:9334:7)"}}
{"ts":"2026-06-20T07:33:37.313Z","level":"error","message":"Request failed","service":"delivera-express","requestId":"req_uyundtps","method":"GET","path":"/api/admin/bootstrap","statusCode":500,"elapsedMs":4,"ip":"::1","createdAt":"2026-06-20T07:33:37.313Z","endpoint":"/api/admin/bootstrap"}
{"ts":"2026-06-20T07:33:43.426Z","level":"error","message":"Unhandled request error","service":"delivera-express","endpoint":"/api/admin/bootstrap","method":"GET","requestId":"req_acb9b4qw","statusCode":500,"error":{"name":"Error","message":"no such column: settings_json","stack":"Error: no such column: settings_json\n    at getSystemSettings (C:\\Users\\LENOVO\\Desktop\\2026-04-19-kanka-paket-takip-uygulamas-yapacaz-kuriyelere\\server.js:2727:18)\n    at decorateState (C:\\Users\\LENOVO\\Desktop\\2026-04-19-kanka-paket-takip-uygulamas-yapacaz-kuriyelere\\server.js:4859:21)\n    at handleApi (C:\\Users\\LENOVO\\Desktop\\2026-04-19-kanka-paket-takip-uygulamas-yapacaz-kuriyelere\\server.js:6530:21)\n    at process.processTicksAndRejections (node:internal/process/task_queues:103:5)\n    at async Server.<anonymous> (C:\\Users\\LENOVO\\Desktop\\2026-04-19-kanka-paket-takip-uygulamas-yapacaz-kuriyelere\\server.js:9334:7)"}}
{"ts":"2026-06-20T07:33:43.428Z","level":"error","message":"Request failed","service":"delivera-express","requestId":"req_acb9b4qw","method":"GET","path":"/api/admin/bootstrap","statusCode":500,"elapsedMs":5,"ip":"::1","createdAt":"2026-06-20T07:33:43.428Z","endpoint":"/api/admin/bootstrap"}
{"ts":"2026-06-20T07:33:51.537Z","level":"error","message":"Unhandled request error","service":"delivera-express","endpoint":"/api/admin/bootstrap","method":"GET","requestId":"req_9izk15nf","statusCode":500,"error":{"name":"Error","message":"no such column: settings_json","stack":"Error: no such column: settings_json\n    at getSystemSettings (C:\\Users\\LENOVO\\Desktop\\2026-04-19-kanka-paket-takip-uygulamas-yapacaz-kuriyelere\\server.js:2727:18)\n    at decorateState (C:\\Users\\LENOVO\\Desktop\\2026-04-19-kanka-paket-takip-uygulamas-yapacaz-kuriyelere\\server.js:4859:21)\n    at handleApi (C:\\Users\\LENOVO\\Desktop\\2026-04-19-kanka-paket-takip-uygulamas-yapacaz-kuriyelere\\server.js:6530:21)\n    at process.processTicksAndRejections (node:internal/process/task_queues:103:5)\n    at async Server.<anonymous> (C:\\Users\\LENOVO\\Desktop\\2026-04-19-kanka-paket-takip-uygulamas-yapacaz-kuriyelere\\server.js:9334:7)"}}
{"ts":"2026-06-20T07:33:51.538Z","level":"error","message":"Request failed","service":"delivera-express","requestId":"req_9izk15nf","method":"GET","path":"/api/admin/bootstrap","statusCode":500,"elapsedMs":2,"ip":"::1","createdAt":"2026-06-20T07:33:51.538Z","endpoint":"/api/admin/bootstrap"}
{"ts":"2026-06-20T07:34:00.247Z","level":"info","message":"Database migrations checked","service":"delivera-express","database":"C:\\Users\\LENOVO\\Desktop\\2026-04-19-kanka-paket-takip-uygulamas-yapacaz-kuriyelere\\delivera.sqlite","applied":0,"skipped":3}
{"ts":"2026-06-20T07:34:00.249Z","level":"info","message":"Platform polling disabled; webhook flow is active.","service":"delivera-express"}
{"ts":"2026-06-20T07:34:00.250Z","level":"info","message":"Polling skipped because global disabled","service":"delivera-express"}
{"ts":"2026-06-20T07:34:00.255Z","level":"info","message":"Delivera Express ready","service":"delivera-express","url":"http://localhost:3000","port":3000}
{"ts":"2026-06-20T07:34:02.951Z","level":"error","message":"Unhandled request error","service":"delivera-express","endpoint":"/api/admin/bootstrap","method":"GET","requestId":"req_jhlsx37l","statusCode":500,"error":{"name":"Error","message":"no such column: settings_json","stack":"Error: no such column: settings_json\n    at getSystemSettings (C:\\Users\\LENOVO\\Desktop\\2026-04-19-kanka-paket-takip-uygulamas-yapacaz-kuriyelere\\server.js:2727:18)\n    at decorateState (C:\\Users\\LENOVO\\Desktop\\2026-04-19-kanka-paket-takip-uygulamas-yapacaz-kuriyelere\\server.js:4859:21)\n    at handleApi (C:\\Users\\LENOVO\\Desktop\\2026-04-19-kanka-paket-takip-uygulamas-yapacaz-kuriyelere\\server.js:6530:21)\n    at process.processTicksAndRejections (node:internal/process/task_queues:103:5)\n    at async Server.<anonymous> (C:\\Users\\LENOVO\\Desktop\\2026-04-19-kanka-paket-takip-uygulamas-yapacaz-kuriyelere\\server.js:9334:7)"}}
{"ts":"2026-06-20T07:34:02.954Z","level":"error","message":"Request failed","service":"delivera-express","requestId":"req_jhlsx37l","method":"GET","path":"/api/admin/bootstrap","statusCode":500,"elapsedMs":10,"ip":"::1","createdAt":"2026-06-20T07:34:02.954Z","endpoint":"/api/admin/bootstrap"}
{"ts":"2026-06-20T07:34:09.277Z","level":"warn","message":"Request completed with client error","service":"delivera-express","endpoint":"/api/admin/login","method":"POST","requestId":"req_fq9l6w23","statusCode":401,"elapsedMs":33}
{"ts":"2026-06-20T07:34:28.677Z","level":"info","message":"Database migrations checked","service":"delivera-express","database":"C:\\Users\\LENOVO\\Desktop\\2026-04-19-kanka-paket-takip-uygulamas-yapacaz-kuriyelere\\delivera.sqlite","applied":0,"skipped":3}
{"ts":"2026-06-20T07:34:28.679Z","level":"info","message":"Platform polling disabled; webhook flow is active.","service":"delivera-express"}
{"ts":"2026-06-20T07:34:28.680Z","level":"info","message":"Polling skipped because global disabled","service":"delivera-express"}
{"ts":"2026-06-20T07:34:28.685Z","level":"info","message":"Delivera Express ready","service":"delivera-express","url":"http://localhost:3000","port":3000}
{"ts":"2026-06-20T07:34:33.385Z","level":"error","message":"Unhandled request error","service":"delivera-express","endpoint":"/api/bootstrap","method":"GET","requestId":"req_p38wrqoz","statusCode":500,"error":{"name":"Error","message":"no such column: settings_json","stack":"Error: no such column: settings_json\n    at getSystemSettings (C:\\Users\\LENOVO\\Desktop\\2026-04-19-kanka-paket-takip-uygulamas-yapacaz-kuriyelere\\server.js:2727:18)\n    at decorateState (C:\\Users\\LENOVO\\Desktop\\2026-04-19-kanka-paket-takip-uygulamas-yapacaz-kuriyelere\\server.js:4859:21)\n    at handleApi (C:\\Users\\LENOVO\\Desktop\\2026-04-19-kanka-paket-takip-uygulamas-yapacaz-kuriyelere\\server.js:6484:21)\n    at process.processTicksAndRejections (node:internal/process/task_queues:103:5)\n    at async Server.<anonymous> (C:\\Users\\LENOVO\\Desktop\\2026-04-19-kanka-paket-takip-uygulamas-yapacaz-kuriyelere\\server.js:9334:7)"}}
{"ts":"2026-06-20T07:34:33.391Z","level":"error","message":"Request failed","service":"delivera-express","requestId":"req_p38wrqoz","method":"GET","path":"/api/bootstrap","statusCode":500,"elapsedMs":18,"ip":"::1","createdAt":"2026-06-20T07:34:33.391Z","endpoint":"/api/bootstrap"}
{"ts":"2026-06-20T07:34:45.589Z","level":"error","message":"Unhandled request error","service":"delivera-express","endpoint":"/api/admin/bootstrap","method":"GET","requestId":"req_x529puh8","statusCode":500,"error":{"name":"Error","message":"no such column: settings_json","stack":"Error: no such column: settings_json\n    at getSystemSettings (C:\\Users\\LENOVO\\Desktop\\2026-04-19-kanka-paket-takip-uygulamas-yapacaz-kuriyelere\\server.js:2727:18)\n    at decorateState (C:\\Users\\LENOVO\\Desktop\\2026-04-19-kanka-paket-takip-uygulamas-yapacaz-kuriyelere\\server.js:4859:21)\n    at handleApi (C:\\Users\\LENOVO\\Desktop\\2026-04-19-kanka-paket-takip-uygulamas-yapacaz-kuriyelere\\server.js:6530:21)\n    at process.processTicksAndRejections (node:internal/process/task_queues:103:5)\n    at async Server.<anonymous> (C:\\Users\\LENOVO\\Desktop\\2026-04-19-kanka-paket-takip-uygulamas-yapacaz-kuriyelere\\server.js:9334:7)"}}
{"ts":"2026-06-20T07:34:45.590Z","level":"error","message":"Request failed","service":"delivera-express","requestId":"req_x529puh8","method":"GET","path":"/api/admin/bootstrap","statusCode":500,"elapsedMs":3,"ip":"::1","createdAt":"2026-06-20T07:34:45.590Z","endpoint":"/api/admin/bootstrap"}
{"ts":"2026-06-20T07:34:55.621Z","level":"error","message":"Unhandled request error","service":"delivera-express","endpoint":"/api/admin/bootstrap","method":"GET","requestId":"req_86cp0bsk","statusCode":500,"error":{"name":"Error","message":"no such column: settings_json","stack":"Error: no such column: settings_json\n    at getSystemSettings (C:\\Users\\LENOVO\\Desktop\\2026-04-19-kanka-paket-takip-uygulamas-yapacaz-kuriyelere\\server.js:2727:18)\n    at decorateState (C:\\Users\\LENOVO\\Desktop\\2026-04-19-kanka-paket-takip-uygulamas-yapacaz-kuriyelere\\server.js:4859:21)\n    at handleApi (C:\\Users\\LENOVO\\Desktop\\2026-04-19-kanka-paket-takip-uygulamas-yapacaz-kuriyelere\\server.js:6530:21)\n    at process.processTicksAndRejections (node:internal/process/task_queues:103:5)\n    at async Server.<anonymous> (C:\\Users\\LENOVO\\Desktop\\2026-04-19-kanka-paket-takip-uygulamas-yapacaz-kuriyelere\\server.js:9334:7)"}}
{"ts":"2026-06-20T07:34:55.622Z","level":"error","message":"Request failed","service":"delivera-express","requestId":"req_86cp0bsk","method":"GET","path":"/api/admin/bootstrap","statusCode":500,"elapsedMs":2,"ip":"::1","createdAt":"2026-06-20T07:34:55.622Z","endpoint":"/api/admin/bootstrap"}
{"ts":"2026-06-20T07:35:15.606Z","level":"error","message":"Unhandled request error","service":"delivera-express","endpoint":"/api/admin/bootstrap","method":"GET","requestId":"req_wkxx5yc4","statusCode":500,"error":{"name":"Error","message":"no such column: settings_json","stack":"Error: no such column: settings_json\n    at getSystemSettings (C:\\Users\\LENOVO\\Desktop\\2026-04-19-kanka-paket-takip-uygulamas-yapacaz-kuriyelere\\server.js:2727:18)\n    at decorateState (C:\\Users\\LENOVO\\Desktop\\2026-04-19-kanka-paket-takip-uygulamas-yapacaz-kuriyelere\\server.js:4859:21)\n    at handleApi (C:\\Users\\LENOVO\\Desktop\\2026-04-19-kanka-paket-takip-uygulamas-yapacaz-kuriyelere\\server.js:6530:21)\n    at process.processTicksAndRejections (node:internal/process/task_queues:103:5)\n    at async Server.<anonymous> (C:\\Users\\LENOVO\\Desktop\\2026-04-19-kanka-paket-takip-uygulamas-yapacaz-kuriyelere\\server.js:9334:7)"}}
{"ts":"2026-06-20T07:35:15.607Z","level":"error","message":"Request failed","service":"delivera-express","requestId":"req_wkxx5yc4","method":"GET","path":"/api/admin/bootstrap","statusCode":500,"elapsedMs":2,"ip":"::1","createdAt":"2026-06-20T07:35:15.607Z","endpoint":"/api/admin/bootstrap"}
{"ts":"2026-06-20T07:35:20.799Z","level":"warn","message":"Request completed with client error","service":"delivera-express","endpoint":"/api/admin/login","method":"POST","requestId":"req_cslzldee","statusCode":401,"elapsedMs":33}
{"ts":"2026-06-20T07:35:35.606Z","level":"error","message":"Unhandled request error","service":"delivera-express","endpoint":"/api/admin/bootstrap","method":"GET","requestId":"req_i292xuas","statusCode":500,"error":{"name":"Error","message":"no such column: settings_json","stack":"Error: no such column: settings_json\n    at getSystemSettings (C:\\Users\\LENOVO\\Desktop\\2026-04-19-kanka-paket-takip-uygulamas-yapacaz-kuriyelere\\server.js:2727:18)\n    at decorateState (C:\\Users\\LENOVO\\Desktop\\2026-04-19-kanka-paket-takip-uygulamas-yapacaz-kuriyelere\\server.js:4859:21)\n    at handleApi (C:\\Users\\LENOVO\\Desktop\\2026-04-19-kanka-paket-takip-uygulamas-yapacaz-kuriyelere\\server.js:6530:21)\n    at process.processTicksAndRejections (node:internal/process/task_queues:103:5)\n    at async Server.<anonymous> (C:\\Users\\LENOVO\\Desktop\\2026-04-19-kanka-paket-takip-uygulamas-yapacaz-kuriyelere\\server.js:9334:7)"}}
{"ts":"2026-06-20T07:35:35.607Z","level":"error","message":"Request failed","service":"delivera-express","requestId":"req_i292xuas","method":"GET","path":"/api/admin/bootstrap","statusCode":500,"elapsedMs":2,"ip":"::1","createdAt":"2026-06-20T07:35:35.607Z","endpoint":"/api/admin/bootstrap"}
{"ts":"2026-06-20T07:35:45.310Z","level":"error","message":"Unhandled request error","service":"delivera-express","endpoint":"/api/admin/bootstrap","method":"GET","requestId":"req_hlp2f80s","statusCode":500,"error":{"name":"Error","message":"no such column: settings_json","stack":"Error: no such column: settings_json\n    at getSystemSettings (C:\\Users\\LENOVO\\Desktop\\2026-04-19-kanka-paket-takip-uygulamas-yapacaz-kuriyelere\\server.js:2727:18)\n    at decorateState (C:\\Users\\LENOVO\\Desktop\\2026-04-19-kanka-paket-takip-uygulamas-yapacaz-kuriyelere\\server.js:4859:21)\n    at handleApi (C:\\Users\\LENOVO\\Desktop\\2026-04-19-kanka-paket-takip-uygulamas-yapacaz-kuriyelere\\server.js:6530:21)\n    at process.processTicksAndRejections (node:internal/process/task_queues:103:5)\n    at async Server.<anonymous> (C:\\Users\\LENOVO\\Desktop\\2026-04-19-kanka-paket-takip-uygulamas-yapacaz-kuriyelere\\server.js:9334:7)"}}
{"ts":"2026-06-20T07:35:45.311Z","level":"error","message":"Request failed","service":"delivera-express","requestId":"req_hlp2f80s","method":"GET","path":"/api/admin/bootstrap","statusCode":500,"elapsedMs":2,"ip":"::1","createdAt":"2026-06-20T07:35:45.311Z","endpoint":"/api/admin/bootstrap"}
{"ts":"2026-06-20T07:35:55.609Z","level":"warn","message":"Request completed with client error","service":"delivera-express","endpoint":"/api/admin/bootstrap","method":"GET","requestId":"req_swwxz1c5","statusCode":401,"elapsedMs":1}
{"ts":"2026-06-20T07:35:55.620Z","level":"error","message":"Unhandled request error","service":"delivera-express","endpoint":"/api/admin/bootstrap","method":"GET","requestId":"req_5vf6rd5e","statusCode":500,"error":{"name":"Error","message":"no such column: settings_json","stack":"Error: no such column: settings_json\n    at getSystemSettings (C:\\Users\\LENOVO\\Desktop\\2026-04-19-kanka-paket-takip-uygulamas-yapacaz-kuriyelere\\server.js:2727:18)\n    at decorateState (C:\\Users\\LENOVO\\Desktop\\2026-04-19-kanka-paket-takip-uygulamas-yapacaz-kuriyelere\\server.js:4859:21)\n    at handleApi (C:\\Users\\LENOVO\\Desktop\\2026-04-19-kanka-paket-takip-uygulamas-yapacaz-kuriyelere\\server.js:6530:21)\n    at process.processTicksAndRejections (node:internal/process/task_queues:103:5)\n    at async Server.<anonymous> (C:\\Users\\LENOVO\\Desktop\\2026-04-19-kanka-paket-takip-uygulamas-yapacaz-kuriyelere\\server.js:9334:7)"}}
{"ts":"2026-06-20T07:35:55.622Z","level":"error","message":"Request failed","service":"delivera-express","requestId":"req_5vf6rd5e","method":"GET","path":"/api/admin/bootstrap","statusCode":500,"elapsedMs":3,"ip":"::1","createdAt":"2026-06-20T07:35:55.622Z","endpoint":"/api/admin/bootstrap"}
{"ts":"2026-06-20T07:36:05.027Z","level":"info","message":"Database migrations checked","service":"delivera-express","database":"C:\\Users\\LENOVO\\Desktop\\2026-04-19-kanka-paket-takip-uygulamas-yapacaz-kuriyelere\\delivera.sqlite","applied":0,"skipped":3}
{"ts":"2026-06-20T07:36:05.030Z","level":"info","message":"Platform polling disabled; webhook flow is active.","service":"delivera-express"}
{"ts":"2026-06-20T07:36:05.030Z","level":"info","message":"Polling skipped because global disabled","service":"delivera-express"}
{"ts":"2026-06-20T07:36:05.035Z","level":"info","message":"Delivera Express ready","service":"delivera-express","url":"http://localhost:3000","port":3000}
{"ts":"2026-06-20T07:36:15.623Z","level":"error","message":"Unhandled request error","service":"delivera-express","endpoint":"/api/admin/bootstrap","method":"GET","requestId":"req_nxu4gurt","statusCode":500,"error":{"name":"Error","message":"no such column: settings_json","stack":"Error: no such column: settings_json\n    at getSystemSettings (C:\\Users\\LENOVO\\Desktop\\2026-04-19-kanka-paket-takip-uygulamas-yapacaz-kuriyelere\\server.js:2727:18)\n    at decorateState (C:\\Users\\LENOVO\\Desktop\\2026-04-19-kanka-paket-takip-uygulamas-yapacaz-kuriyelere\\server.js:4859:21)\n    at handleApi (C:\\Users\\LENOVO\\Desktop\\2026-04-19-kanka-paket-takip-uygulamas-yapacaz-kuriyelere\\server.js:6530:21)\n    at process.processTicksAndRejections (node:internal/process/task_queues:103:5)\n    at async Server.<anonymous> (C:\\Users\\LENOVO\\Desktop\\2026-04-19-kanka-paket-takip-uygulamas-yapacaz-kuriyelere\\server.js:9334:7)"}}
{"ts":"2026-06-20T07:36:15.630Z","level":"error","message":"Request failed","service":"delivera-express","requestId":"req_nxu4gurt","method":"GET","path":"/api/admin/bootstrap","statusCode":500,"elapsedMs":15,"ip":"::1","createdAt":"2026-06-20T07:36:15.630Z","endpoint":"/api/admin/bootstrap"}
{"ts":"2026-06-20T07:36:16.948Z","level":"warn","message":"Request completed with client error","service":"delivera-express","endpoint":"/api/admin/bootstrap","method":"GET","requestId":"req_g4kl6xls","statusCode":401,"elapsedMs":0}
{"ts":"2026-06-20T07:36:32.571Z","level":"error","message":"Unhandled request error","service":"delivera-express","endpoint":"/api/admin/bootstrap","method":"GET","requestId":"req_ak9vkmr4","statusCode":500,"error":{"name":"Error","message":"no such column: settings_json","stack":"Error: no such column: settings_json\n    at getSystemSettings (C:\\Users\\LENOVO\\Desktop\\2026-04-19-kanka-paket-takip-uygulamas-yapacaz-kuriyelere\\server.js:2727:18)\n    at decorateState (C:\\Users\\LENOVO\\Desktop\\2026-04-19-kanka-paket-takip-uygulamas-yapacaz-kuriyelere\\server.js:4859:21)\n    at handleApi (C:\\Users\\LENOVO\\Desktop\\2026-04-19-kanka-paket-takip-uygulamas-yapacaz-kuriyelere\\server.js:6530:21)\n    at process.processTicksAndRejections (node:internal/process/task_queues:103:5)\n    at async Server.<anonymous> (C:\\Users\\LENOVO\\Desktop\\2026-04-19-kanka-paket-takip-uygulamas-yapacaz-kuriyelere\\server.js:9334:7)"}}
{"ts":"2026-06-20T07:36:32.573Z","level":"error","message":"Request failed","service":"delivera-express","requestId":"req_ak9vkmr4","method":"GET","path":"/api/admin/bootstrap","statusCode":500,"elapsedMs":3,"ip":"::1","createdAt":"2026-06-20T07:36:32.573Z","endpoint":"/api/admin/bootstrap"}
{"ts":"2026-06-20T07:36:35.605Z","level":"warn","message":"Request completed with client error","service":"delivera-express","endpoint":"/api/admin/bootstrap","method":"GET","requestId":"req_8yhgl8wl","statusCode":401,"elapsedMs":0}
{"ts":"2026-06-20T07:36:35.620Z","level":"error","message":"Unhandled request error","service":"delivera-express","endpoint":"/api/admin/bootstrap","method":"GET","requestId":"req_4xe0ofuv","statusCode":500,"error":{"name":"Error","message":"no such column: settings_json","stack":"Error: no such column: settings_json\n    at getSystemSettings (C:\\Users\\LENOVO\\Desktop\\2026-04-19-kanka-paket-takip-uygulamas-yapacaz-kuriyelere\\server.js:2727:18)\n    at decorateState (C:\\Users\\LENOVO\\Desktop\\2026-04-19-kanka-paket-takip-uygulamas-yapacaz-kuriyelere\\server.js:4859:21)\n    at handleApi (C:\\Users\\LENOVO\\Desktop\\2026-04-19-kanka-paket-takip-uygulamas-yapacaz-kuriyelere\\server.js:6530:21)\n    at process.processTicksAndRejections (node:internal/process/task_queues:103:5)\n    at async Server.<anonymous> (C:\\Users\\LENOVO\\Desktop\\2026-04-19-kanka-paket-takip-uygulamas-yapacaz-kuriyelere\\server.js:9334:7)"}}
{"ts":"2026-06-20T07:36:35.622Z","level":"error","message":"Request failed","service":"delivera-express","requestId":"req_4xe0ofuv","method":"GET","path":"/api/admin/bootstrap","statusCode":500,"elapsedMs":3,"ip":"::1","createdAt":"2026-06-20T07:36:35.621Z","endpoint":"/api/admin/bootstrap"}
{"ts":"2026-06-20T07:36:55.606Z","level":"error","message":"Unhandled request error","service":"delivera-express","endpoint":"/api/admin/bootstrap","method":"GET","requestId":"req_oi3u3ykz","statusCode":500,"error":{"name":"Error","message":"no such column: settings_json","stack":"Error: no such column: settings_json\n    at getSystemSettings (C:\\Users\\LENOVO\\Desktop\\2026-04-19-kanka-paket-takip-uygulamas-yapacaz-kuriyelere\\server.js:2727:18)\n    at decorateState (C:\\Users\\LENOVO\\Desktop\\2026-04-19-kanka-paket-takip-uygulamas-yapacaz-kuriyelere\\server.js:4859:21)\n    at handleApi (C:\\Users\\LENOVO\\Desktop\\2026-04-19-kanka-paket-takip-uygulamas-yapacaz-kuriyelere\\server.js:6530:21)\n    at process.processTicksAndRejections (node:internal/process/task_queues:103:5)\n    at async Server.<anonymous> (C:\\Users\\LENOVO\\Desktop\\2026-04-19-kanka-paket-takip-uygulamas-yapacaz-kuriyelere\\server.js:9334:7)"}}
{"ts":"2026-06-20T07:36:55.608Z","level":"error","message":"Request failed","service":"delivera-express","requestId":"req_oi3u3ykz","method":"GET","path":"/api/admin/bootstrap","statusCode":500,"elapsedMs":3,"ip":"::1","createdAt":"2026-06-20T07:36:55.608Z","endpoint":"/api/admin/bootstrap"}
{"ts":"2026-06-20T07:37:16.270Z","level":"warn","message":"Request completed with client error","service":"delivera-express","endpoint":"/api/admin/bootstrap","method":"GET","requestId":"req_xmgh4t7p","statusCode":401,"elapsedMs":0}
{"ts":"2026-06-20T07:39:44.767Z","level":"warn","message":"Request completed with client error","service":"delivera-express","endpoint":"/api/courier/me","method":"GET","requestId":"req_83k24rm8","statusCode":401,"elapsedMs":1}
{"ts":"2026-06-20T07:39:44.772Z","level":"warn","message":"Request rejected","service":"delivera-express","endpoint":"/api/courier/refresh","method":"POST","requestId":"req_ndk3yp0u","statusCode":401,"error":{"name":"Error","message":"Refresh token gecersiz.","stack":"Error: Refresh token gecersiz.\n    at httpError (C:\\Users\\LENOVO\\Desktop\\2026-04-19-kanka-paket-takip-uygulamas-yapacaz-kuriyelere\\server.js:1247:17)\n    at refreshSessionPair (C:\\Users\\LENOVO\\Desktop\\2026-04-19-kanka-paket-takip-uygulamas-yapacaz-kuriyelere\\server.js:2208:11)\n    at handleApi (C:\\Users\\LENOVO\\Desktop\\2026-04-19-kanka-paket-takip-uygulamas-yapacaz-kuriyelere\\server.js:6581:18)\n    at process.processTicksAndRejections (node:internal/process/task_queues:103:5)\n    at async Server.<anonymous> (C:\\Users\\LENOVO\\Desktop\\2026-04-19-kanka-paket-takip-uygulamas-yapacaz-kuriyelere\\server.js:9334:7)"}}
{"ts":"2026-06-20T07:39:44.773Z","level":"warn","message":"Request completed with client error","service":"delivera-express","endpoint":"/api/courier/refresh","method":"POST","requestId":"req_ndk3yp0u","statusCode":401,"elapsedMs":2}
{"ts":"2026-06-20T07:39:46.980Z","level":"warn","message":"Request completed with client error","service":"delivera-express","endpoint":"/api/restaurant/bootstrap","method":"GET","requestId":"req_8q3lppvk","statusCode":401,"elapsedMs":1}
{"ts":"2026-06-20T07:39:46.986Z","level":"warn","message":"Request rejected","service":"delivera-express","endpoint":"/api/restaurant/refresh","method":"POST","requestId":"req_zoi2z3fw","statusCode":401,"error":{"name":"Error","message":"Refresh token gecersiz.","stack":"Error: Refresh token gecersiz.\n    at httpError (C:\\Users\\LENOVO\\Desktop\\2026-04-19-kanka-paket-takip-uygulamas-yapacaz-kuriyelere\\server.js:1247:17)\n    at refreshSessionPair (C:\\Users\\LENOVO\\Desktop\\2026-04-19-kanka-paket-takip-uygulamas-yapacaz-kuriyelere\\server.js:2208:11)\n    at handleApi (C:\\Users\\LENOVO\\Desktop\\2026-04-19-kanka-paket-takip-uygulamas-yapacaz-kuriyelere\\server.js:6572:18)\n    at process.processTicksAndRejections (node:internal/process/task_queues:103:5)\n    at async Server.<anonymous> (C:\\Users\\LENOVO\\Desktop\\2026-04-19-kanka-paket-takip-uygulamas-yapacaz-kuriyelere\\server.js:9334:7)"}}
{"ts":"2026-06-20T07:39:46.988Z","level":"warn","message":"Request completed with client error","service":"delivera-express","endpoint":"/api/restaurant/refresh","method":"POST","requestId":"req_zoi2z3fw","statusCode":401,"elapsedMs":2}
